attention,meditation,delta,theta,lowAlpha,highAlpha,lowBeta,highBeta,lowGamma,highGamma,result
75,87,149499,54240,7309,42355,7309,14471,3419,2269,1
74,78,102933,30027,10474,24024,10474,8442,3262,2224,1
83,75,54676,21765,15556,17596,15556,7769,4262,2231,1
84,75,48239,15895,14153,6243,14153,5906,1887,2739,1
90,70,149987,21000,13314,10178,13314,10640,2221,1331,1
100,67,6978,8977,11507,11823,11507,21096,2206,3254,1
97,61,118567,48796,16690,11229,16690,8469,2398,2137,1
83,63,121981,59343,14131,50025,14131,6010,3678,3166,1
70,66,49173,29077,16803,23120,16803,6201,3581,4100,1
48,70,234389,41766,28885,30747,28885,5712,3497,1912,1
47,80,93725,16741,4705,25400,4705,4152,1804,4743,1
38,77,153743,91845,10871,47713,10871,3293,5660,6384,1
40,77,5796,11804,6422,17962,6422,3414,6105,4349,1
29,64,133717,80195,5641,19654,5641,2071,6973,5967,1
23,57,200766,86462,23984,23554,23984,7120,9222,2539,1
34,66,71841,14422,12594,26595,12594,2828,7079,5012,1
35,61,62245,24015,11928,6351,11928,5477,4459,2469,1
41,60,130866,24490,2057,5355,2057,1296,614,1052,1
50,70,138551,20419,9775,53809,9775,10216,5210,5438,1
56,80,11902,3760,1684,50387,1684,6088,2526,1945,1
60,90,5046,11636,14294,33349,14294,10816,2043,1993,1
64,100,31716,27749,13043,31327,13043,5190,2353,2483,1
67,94,157999,18179,6511,17520,6511,6618,2692,2596,1
57,54,63194,97818,2745,1618,2745,3694,2611,2260,1
64,41,37030,10650,5284,2777,5284,6779,3488,3310,1
51,54,14708,17632,26102,89692,26102,2939,1650,1383,1
41,60,101260,31580,12948,43406,12948,4503,3096,2509,1
48,80,24824,36707,9565,13334,9565,4077,1013,1517,1
27,88,26074,42165,13863,36645,13863,4554,2522,2616,1
38,69,377243,36900,13483,15645,13483,3987,1543,1658,1
48,70,14619,5150,386,20112,386,3564,2894,3740,1
53,67,62220,15006,4860,2831,4860,2834,2234,1674,1
60,75,44648,13557,8757,38111,8757,5249,1829,1922,1
60,75,218012,34607,8646,20913,8646,3701,1965,4173,1
53,61,18614,11114,2903,1801,2903,1252,1244,1162,1
48,67,36785,20107,11183,8120,11183,2989,3337,1455,1
48,64,57846,9023,2049,13535,2049,2027,1093,559,1
43,77,126395,21369,7669,84207,7669,3627,2016,1408,1
41,91,150059,10625,12394,24978,12394,3032,1297,1419,1
44,100,11403,5660,2432,30431,2432,4393,2338,1870,1
35,96,100662,49396,1083,44647,1083,2710,1559,1609,1
54,88,18277,6888,5596,27176,5596,8011,751,2567,1
47,84,37019,38892,13499,55810,13499,5513,1404,2734,1
63,88,11200,12662,4647,26228,4647,7320,4559,1973,1
60,100,11150,4188,11787,90128,11787,5458,1940,1495,1
48,96,66633,12551,12569,14744,12569,2185,2482,1143,1
57,87,15757,26242,12687,9297,12687,6389,1151,1035,1
47,80,83238,20770,409,19505,409,2024,2383,1189,1
54,64,15153,6609,975,16919,975,2821,1868,1064,1
67,54,5346,32908,2333,17815,2333,11555,993,2365,1
61,60,6003,15573,14567,9045,14567,2889,2903,2699,1
70,66,51354,5652,1880,28389,1880,4676,1153,1622,1
70,75,13593,3873,8073,48868,8073,7283,2283,2801,1
64,87,92762,9383,8246,24594,8246,5343,2649,4946,1
69,87,98912,14047,5065,22374,5065,5579,3123,1608,1
64,90,15445,11382,7840,52594,7840,6047,1611,1801,1
67,83,29333,7209,2512,17807,2512,4234,1715,1612,1
69,80,8910,11402,6030,20886,6030,6360,2900,1461,1
70,84,11018,6441,2639,25850,2639,4641,1615,1331,1
61,75,129563,33267,22539,15399,22539,2162,2234,1561,1
50,67,66391,53733,17107,27624,17107,5386,2011,1677,1
51,61,32125,14465,6390,6452,6390,4885,2598,1101,1
78,48,159205,24444,4516,12075,4516,7739,2854,1238,1
83,48,19111,36027,6601,25217,6601,7018,2604,2638,1
74,48,285290,47248,24459,5238,24459,4515,1650,3152,1
63,43,170887,30125,3967,11163,3967,5963,1463,3755,1
53,51,121978,20825,9755,25110,9755,3619,2133,1972,1
44,57,78506,38553,11215,58161,11215,4844,3463,2698,1
51,60,7375,19935,3701,13151,3701,3714,1993,666,1
50,56,78237,44525,1864,10509,1864,6467,3341,1419,1
51,54,96139,15905,669,22294,669,3185,2609,4087,1
61,47,110352,27569,5955,10602,5955,4699,3567,1931,1
61,47,150084,37517,6977,20680,6977,6675,3049,3847,1
43,63,37680,28565,19725,45310,19725,1746,3563,3990,1
40,67,61780,16072,6791,38165,6791,3429,4928,2146,1
29,67,157228,62602,14130,23777,14130,4409,2288,3086,1
21,70,169257,28945,557,43251,557,3457,3872,3335,1
44,70,5082,10092,700,41352,700,8701,4332,2436,1
44,74,140922,19368,6432,47331,6432,4080,4187,2305,1
51,74,12790,27595,3959,15979,3959,3810,5632,4874,1
60,78,146316,10931,33274,13805,33274,7263,3955,2035,1
53,66,67070,32691,1883,16813,1883,4057,10521,1902,1
56,53,422730,84556,30440,13365,30440,10169,5435,7285,1
63,48,15503,20554,6567,1032,6567,4333,5938,11095,1
50,40,265318,64130,17120,34403,17120,3970,8231,2364,1
56,43,64103,25146,28038,6274,28038,10256,6775,5568,1
57,57,9407,11178,13690,55393,13690,6464,19900,3081,1
48,64,123522,64280,14572,24269,14572,6652,6363,2140,1
53,69,85875,25116,8690,25156,8690,4731,2954,2227,1
53,63,26404,26608,21794,44911,21794,7282,2342,2933,1
50,75,17848,17078,12727,46813,12727,3382,7676,5788,1
60,66,75326,16830,1521,6160,1521,7422,3499,4509,1
67,54,42311,29670,2919,4982,2919,7003,2393,2786,1
66,56,13482,5119,12114,24246,12114,3084,2745,876,1
60,61,24589,14457,5079,98056,5079,2849,1834,2566,1
38,74,20054,29861,14698,50166,14698,3454,6651,4378,1
41,90,8582,3096,6257,11913,6257,4347,3805,2297,1
43,90,508935,12698,53831,1943,53831,6634,2238,2380,1
56,57,592293,58165,2256,3902,2256,6329,2604,9136,1
64,43,81746,25618,3198,2486,3198,2641,3177,2054,1
67,30,7670,16058,1342,7842,1342,7231,3058,1273,1
66,38,38193,41595,15149,45750,15149,5046,5608,2414,1
66,47,187974,89759,15835,60149,15835,14473,7857,3445,1
51,66,54014,16592,39867,98364,39867,9632,2803,1244,1
54,75,22672,9470,3707,23067,3707,7353,9614,2102,1
63,77,4147,6867,8859,15973,8859,3658,4889,2785,1
66,84,70820,9062,3799,19271,3799,4089,2324,1273,1
81,75,5654,3203,3955,9488,3955,4978,3808,1444,1
77,69,44301,9346,10143,2285,10143,2862,4011,1960,1
78,63,90851,26207,1460,16048,1460,5500,2216,534,1
74,61,50442,13506,6136,30594,6136,3783,4584,1058,1
74,53,9174,13687,6766,2751,6766,6287,4432,1644,1
70,64,44584,4817,1937,31421,1937,5085,2538,3043,1
69,67,127359,18834,4521,26143,4521,5057,2159,1280,1
77,60,106972,20678,12502,1596,12502,5668,2568,2841,1
54,64,173913,22438,9497,9626,9497,1307,1370,1241,1
54,53,245291,46286,31020,10689,31020,9380,2213,1256,1
53,41,442107,116412,3240,26671,3240,11661,5924,1933,1
50,44,1074250,84862,53711,25556,53711,20677,5135,5940,1
54,50,224779,32300,15227,34782,15227,3848,3457,2430,1
47,51,371698,63164,18818,46463,18818,6157,4942,1068,1
47,64,55705,6607,2201,9702,2201,1780,607,967,1
35,64,271476,61390,14241,41999,14241,4336,3252,1435,1
37,61,28352,31717,10335,21425,10335,3665,4016,1466,1
50,64,33827,30899,13835,34940,13835,13320,2038,1739,1
57,57,23258,17556,14225,5522,14225,8890,4102,3327,1
67,66,4254,11496,8128,54140,8128,7507,5486,1755,1
70,66,89581,27379,3920,27311,3920,4987,3112,2429,1
66,64,50536,13108,14924,5652,14924,3643,3824,1795,1
51,77,19499,15844,8559,44769,8559,3711,5164,2292,1
44,77,28290,38195,4424,106063,4424,7025,5367,1741,1
48,74,84442,45198,7589,32112,7589,10511,3274,1697,1
54,80,16244,4809,6174,34982,6174,8390,1763,2665,1
54,84,7953,7749,10173,58987,10173,4117,1208,980,1
63,77,144832,19465,2305,22111,2305,4183,2505,1586,1
56,77,46766,42849,7402,19775,7402,4214,3087,2263,1
48,83,71377,5471,6933,90633,6933,8187,1997,2375,1
48,70,18255,34685,28860,11809,28860,4579,4100,2314,1
40,75,94513,10137,6715,8432,6715,1212,587,595,1
35,64,95634,56972,4391,5309,4391,2353,528,287,1
34,43,656515,132086,37950,8014,37950,12748,2628,2007,1
24,35,95399,75146,18462,5285,18462,2385,1637,1410,1
27,24,157780,82906,10365,23412,10365,7256,4169,6099,1
27,24,223216,13744,8817,18052,8817,17778,8456,15669,1
27,24,313577,29674,18822,11110,18822,26187,6616,1177,1
27,24,1383062,240937,44041,135615,44041,246045,43872,28682,1
27,24,2405087,1056811,140922,110437,140922,349258,240393,90775,1
27,24,968578,43322,13841,42665,13841,80025,18960,12695,1
43,30,937083,60704,16080,19242,16080,14752,3245,2174,1
44,37,1586283,31679,14522,12583,14522,5939,2672,2164,1
57,38,1096388,37785,8020,8223,8020,4525,1674,1376,1
56,37,1858632,228646,34206,49319,34206,17825,10799,13524,1
37,40,1444638,278661,92938,44124,92938,8356,5753,3931,1
26,43,250694,19071,16175,8013,16175,1307,644,959,1
30,54,102799,7755,1747,25422,1747,5031,2447,1442,1
27,47,70153,46679,1336,2875,1336,1927,1233,1723,1
34,44,3381199,164229,67887,15846,67887,10001,5317,5686,1
26,24,223692,64902,1850,2335,1850,1245,753,930,1
11,4,427803,121680,14682,2833,14682,4008,1844,1321,1
17,11,25765,10595,1285,1669,1285,1117,672,388,1
26,7,1438171,127480,34127,19436,34127,15252,4255,3879,1
26,7,1103901,366902,62057,119564,62057,194213,192046,271789,1
26,7,909268,303228,87315,72244,87315,107368,29878,16771,1
37,20,963263,7220,996,2189,996,456,832,701,1
35,21,426189,141858,14805,10566,14805,4549,11070,3419,1
35,21,1715163,283936,23079,37675,23079,25464,5839,1971,1
35,21,178586,4823,3922,2428,3922,2370,208,364,1
35,21,2806213,190821,17006,34486,17006,29971,13791,5371,1
35,21,292993,81003,6769,7118,6769,6370,3571,1477,1
35,21,655809,36678,6838,3752,6838,2971,1077,724,1
24,29,160666,274594,126113,44181,126113,14084,14406,8707,1
14,44,801952,29438,53586,13002,53586,2755,5587,1515,1
14,44,866097,14213,2375,6334,2375,2010,807,1621,1
27,47,1218684,112183,43763,31496,43763,31659,24180,9514,1
35,51,922673,102943,13731,17014,13731,7027,9326,10943,1
44,41,1453725,107439,9995,8671,9995,10626,5678,12651,1
44,14,23603,66047,2251,2920,2251,1960,1130,244,1
37,17,464144,17131,4230,10963,4230,2650,1813,1769,1
27,11,605339,98659,7022,6747,7022,2198,1871,1776,1
27,16,39606,28129,4920,6519,4920,3166,7177,2555,1
35,35,118794,56912,30228,21840,30228,6622,3017,4947,1
29,37,992493,28224,19495,13188,19495,3115,2287,1436,1
38,41,85018,16082,2428,1646,2428,848,733,1040,1
29,30,486592,198900,9990,11663,9990,7812,2696,4428,1
38,17,242321,14581,1253,1577,1253,2051,651,636,1
30,13,292525,43802,5167,8207,5167,1780,937,1018,1
30,26,268954,94885,53450,9965,53450,5528,3150,1748,1
23,37,125004,17098,3173,4519,3173,1381,571,144,1
14,27,463898,739798,84744,3523,84744,15596,23034,9660,1
27,40,258353,1358,1348,1143,1348,421,309,137,1
27,40,1585945,71319,28047,6494,28047,2930,1375,1216,1
23,37,1183851,140670,36999,23558,36999,4975,2097,3422,1
29,40,104241,12716,4617,7108,4617,2278,1126,715,1
37,48,106570,61320,4697,17944,4697,3244,3906,4644,1
20,35,351861,102722,5631,17346,5631,2865,1782,1625,1
51,37,40521,5800,3653,2775,3653,5750,4593,4000,1
54,37,36717,31726,14176,12375,14176,7737,2123,1789,1
70,57,408741,25675,13668,26659,13668,2515,3113,909,1
54,64,49237,17696,14627,21593,14627,5280,1891,2517,1
51,57,376319,61133,14102,10712,14102,9004,8607,2256,1
47,53,572984,92958,33249,16112,33249,10894,4161,2700,1
61,50,223269,29577,22497,17016,22497,9386,1987,3286,1
64,47,51521,19432,6487,16942,6487,5928,2298,1868,1
61,50,86819,43219,16603,5460,16603,5048,3876,5423,1
66,44,328227,44507,6102,8480,6102,7689,6637,5118,1
66,40,47627,21702,4394,8349,4394,4481,2664,2027,1
64,35,92761,63945,17167,8965,17167,10671,4599,3014,1
63,40,517338,49635,14065,41598,14065,6770,4145,6252,1
40,37,145816,96447,7630,8574,7630,1336,1852,875,1
35,29,153328,72699,7854,9092,7854,6892,7834,3957,1
16,23,501291,284772,40148,6119,40148,6831,9441,5381,1
11,10,676225,144646,8985,11496,8985,6998,13639,4382,1
26,3,939791,340615,7651,18863,7651,20064,17129,22949,1
20,1,671839,131847,16481,7033,16481,7119,3882,8036,1
29,16,303361,28629,35129,7944,35129,3637,4241,3500,1
21,7,688893,886694,18822,21210,18822,17398,13396,8142,1
23,21,1056254,25882,15962,835,15962,2640,569,1148,1
23,37,696436,61693,13997,51561,13997,5501,8120,2636,1
26,30,186152,65381,15828,34873,15828,8884,6350,6980,1
38,54,683390,52432,27284,28606,27284,7076,2916,2645,1
38,66,128941,26525,15832,65912,15832,7001,4366,3597,1
38,63,105649,23890,2969,13283,2969,1608,2011,2190,1
37,63,267883,94119,46439,50037,46439,12049,3434,1827,1
37,50,63014,33673,1517,3400,1517,2056,1430,553,1
37,30,149055,30501,3679,3343,3679,2611,2608,1981,1
37,29,512227,235252,91068,18598,91068,14082,11103,22520,1
38,29,354303,3374,3059,1513,3059,621,1665,1315,1
53,40,975641,219110,40410,139552,40410,98634,27087,56171,1
48,35,481592,137351,1864,14943,1864,6305,5200,5018,1
53,38,93106,9857,2349,5654,2349,1151,795,502,1
53,34,93096,5649,723,2864,723,765,561,655,1
27,21,240667,51057,4699,1990,4699,1193,756,702,1
37,34,138614,17662,6757,3785,6757,2651,1058,661,1
51,24,780051,36808,7402,7027,7402,13820,3130,5308,1
50,17,160302,53301,6969,5459,6969,5032,1988,4113,1
67,29,63169,18084,7977,1463,7977,2591,1507,2102,1
51,30,1509312,78236,15568,5006,15568,5526,2978,2633,1
41,40,145610,73656,23422,20893,23422,2915,3402,1627,1
37,38,430007,174124,41853,38314,41853,20695,9227,3074,1
34,30,1647485,424450,5329,85607,5329,36385,17786,2521,1
35,38,2122145,61475,7402,40571,7402,6842,10905,7015,1
40,40,35687,29104,6802,18892,6802,2177,2104,439,1
37,51,213576,9811,4787,14775,4787,1788,1237,1177,1
37,61,52148,73584,25684,37165,25684,10190,7670,2135,1
47,54,1158882,63746,11588,11488,11588,14623,3907,2851,1
60,47,32489,5227,459,1409,459,985,917,363,1
66,29,32635,12173,2688,7591,2688,3024,1705,1460,1
70,40,14504,6340,14546,2875,14546,5709,5760,2045,1
53,41,38835,16998,1705,4795,1705,585,1028,531,1
56,53,119435,9827,4322,6642,4322,1651,555,289,1
44,40,32105,95338,5269,34840,5269,6175,3436,2431,1
66,47,23384,13097,13112,5760,13112,8161,5476,2791,1
70,38,33690,66763,18754,5547,18754,10664,2846,2025,1
81,40,11457,4588,6382,4852,6382,5296,4046,1487,1
63,35,56865,41593,14194,12110,14194,3293,4253,2006,1
48,21,652010,527806,11066,26130,11066,14403,7467,7620,1
44,21,765614,76416,7373,15466,7373,5228,3944,5901,1
21,35,168391,22770,15021,102750,15021,4735,5176,3383,1
26,26,86933,21000,3170,677,3170,1893,817,744,1
43,44,71235,21437,14055,2352,14055,5478,2290,1825,1
48,47,28553,21059,3514,8270,3514,3063,2691,1336,1
66,37,13040,6166,2730,5253,2730,2909,2350,1496,1
63,37,68585,21789,2244,1798,2244,1380,662,473,1
63,38,84210,9052,8795,4860,8795,3511,4813,2586,1
74,47,7264,5498,10222,3786,10222,4436,2158,1785,1
66,50,7663,11185,10612,11502,10612,3644,1703,1160,1
75,53,365474,58223,12832,6473,12832,8558,1723,1382,1
70,57,218108,32310,9792,49377,9792,10093,3113,1404,1
54,57,103594,36601,11055,37701,11055,3661,2213,1968,1
53,63,87198,14022,18427,38030,18427,6371,1667,1794,1
47,78,45471,27778,7193,54234,7193,4816,2154,3914,1
34,74,143827,41770,8911,50224,8911,3292,5979,4562,1
34,66,102286,22518,1303,8373,1303,1481,1311,627,1
27,51,229358,36181,7806,6240,7806,2682,983,538,1
35,50,44048,19378,34932,15917,34932,7714,2473,2324,1
47,44,1074732,79737,21376,34658,21376,13674,3107,1721,1
40,38,152974,139594,13381,10632,13381,3329,4643,1075,1
44,41,27844,23842,10746,3486,10746,3386,830,1008,1
38,35,55062,46697,24284,9836,24284,4382,4939,1626,1
44,26,61925,30511,2194,4415,2194,7587,1937,1649,1
53,38,50144,39471,19110,12702,19110,3479,3367,1809,1
37,23,38380,63352,628,3974,628,1203,605,672,1
38,27,333073,64149,42918,34198,42918,10560,3244,3015,1
30,53,49494,9174,40418,14475,40418,6062,4879,3251,1
43,63,265295,77686,17562,26358,17562,5396,5162,1547,1
40,57,1140022,125248,38505,42773,38505,11805,2651,2550,1
34,44,87134,17171,10513,2479,10513,1404,313,324,1
21,30,242512,209099,5732,16729,5732,4465,1731,3196,1
20,27,121420,77574,16451,5160,16451,3676,5354,3336,1
17,23,367484,29972,8685,1761,8685,1859,4498,1452,1
8,26,222010,83768,21502,63154,21502,3055,3964,4186,1
10,40,82483,86863,21287,23372,21287,2919,4084,3795,1
26,43,25774,9029,4023,5155,4023,3760,1802,2738,1
37,50,93307,48894,42918,5543,42918,11373,7716,4542,1
43,48,139106,48581,17862,20808,17862,3032,5420,1106,1
41,30,76911,32298,1967,300,1967,512,1302,375,1
40,29,39085,9511,4682,7027,4682,5195,1149,1684,1
43,21,74363,16180,3415,1204,3415,977,459,386,1
69,44,9138,7083,4099,10753,4099,5439,2161,1465,1
74,60,64514,7112,32826,1208,32826,4647,2653,1424,1
77,53,4492,8798,2251,1493,2251,4475,1693,1478,1
87,56,1753,18686,3203,7025,3203,3608,1433,1509,1
80,53,6438,8940,9309,3428,9309,3003,1546,2857,1
75,40,20953,21284,2981,9394,2981,2489,2080,3052,1
48,30,133031,20982,1816,463,1816,608,454,433,1
64,23,31278,4417,926,1454,926,5667,1263,860,1
60,14,19185,20831,8429,750,8429,3432,1142,1895,1
48,11,100594,90125,22709,4266,22709,2609,1450,1296,1
61,30,12002,4686,3429,7140,3429,1878,700,1186,1
47,43,28234,12793,5559,7067,5559,3696,1417,1184,1
44,47,15328,15923,3905,6277,3905,2518,1139,1943,1
54,51,5587,13707,6291,3816,6291,1693,152,769,1
57,44,10016,14716,2231,8646,2231,4279,997,1650,1
41,43,155622,71942,18847,19963,18847,2532,2199,1618,1
40,50,15731,8050,6825,8948,6825,1895,1709,1049,1
29,44,162415,53289,10104,7008,10104,1824,2234,1188,1
29,47,26820,9886,4460,4151,4460,3277,1613,566,1
41,30,35758,65541,4144,3303,4144,6063,2410,1923,1
37,24,1246994,99810,23895,19129,23895,5719,38960,7518,1
37,24,132206,22445,6093,11888,6093,6335,6815,5822,1
38,26,116847,52583,812,8573,812,6853,5246,8740,1
60,38,152384,17864,29365,22506,29365,22475,38564,21315,1
78,27,1285589,289839,37256,13139,37256,100556,54250,13868,1
77,13,317473,222203,9652,15703,9652,37570,19844,37760,1
67,23,944421,28590,11363,3217,11363,1781,3402,1313,1
77,11,193720,11086,3117,4061,3117,12878,3742,3933,1
77,23,201826,87415,12193,51681,12193,49422,15153,7123,1
69,26,772712,147401,15138,6856,15138,11368,6722,6962,1
70,27,430800,75126,27650,14381,27650,5431,6525,3026,1
48,29,111418,58490,18510,8151,18510,5273,7423,5680,1
47,38,48617,4095,15565,3810,15565,5962,5977,4010,1
50,53,225474,13693,7831,12001,7831,3604,8291,8815,1
61,57,54979,11254,11100,7454,11100,4431,6794,3014,1
70,63,112949,12509,4616,10644,4616,5596,3944,3210,1
64,57,469987,27824,13120,8171,13120,5177,6479,4843,1
56,61,191174,41858,39119,61164,39119,6465,6546,8678,1
56,60,59844,10116,1874,12055,1874,3756,4909,3818,1
35,48,252774,51155,2755,5474,2755,969,2153,564,1
30,41,138229,41423,5492,4891,5492,3671,4251,5788,1
26,27,395509,110162,20572,13104,20572,3893,4535,1868,1
27,16,166073,32488,4781,5699,4781,7391,8304,4564,1
47,20,371339,52454,7187,10666,7187,9156,4989,4237,1
57,37,8396,7368,32500,5109,32500,13237,4191,2122,1
63,43,122565,53841,33126,20105,33126,4945,4236,5313,1
63,51,24114,25598,8375,8113,8375,7962,5479,5854,1
64,56,11196,24365,14424,4442,14424,5763,3381,6646,1
57,38,63569,28531,3028,5581,3028,6288,1947,3462,1
74,38,7988,15828,4557,18721,4557,7987,6021,9312,1
70,43,96523,14185,11862,6281,11862,4992,5174,6120,1
80,44,165511,9227,12736,6750,12736,11046,3712,4225,1
70,44,99598,75510,16419,9450,16419,6908,19058,8797,1
69,30,222388,81664,10117,10076,10117,15826,5944,5595,1
63,17,444450,142221,4362,14077,4362,11740,7655,5909,1
48,24,166148,26042,19488,18936,19488,4200,2997,1845,1
56,27,239059,50698,9261,20455,9261,12702,5067,6209,1
44,30,291383,102293,24432,2334,24432,6863,3765,3551,1
48,35,542316,117091,3411,21883,3411,13643,5497,3427,1
47,21,409968,236871,34677,27096,34677,16488,4159,3265,1
35,23,201919,129076,18690,60515,18690,10856,4327,3030,1
40,23,651065,88864,17674,8633,17674,10149,4344,3766,1
37,29,146104,53852,15273,9889,15273,4678,3150,7218,1
37,29,451508,95063,14293,16302,14293,7595,5564,1309,1
40,26,834456,85483,4489,29191,4489,10071,9251,3977,1
47,20,208040,17187,1127,1823,1127,3414,1353,1278,1
41,16,310652,117342,16585,12570,16585,4959,5005,3246,1
56,24,440928,9443,8548,3207,8548,6606,2856,3542,1
60,13,1830603,293869,18704,11836,18704,34501,22469,15399,1
64,11,171764,33251,721,3442,721,12521,13109,4469,1
66,14,1600152,491270,31741,188677,31741,29691,28445,27585,1
60,14,1028830,66815,29842,19373,29842,15252,6862,10763,1
51,23,35419,33581,5127,4289,5127,1972,4709,3197,1
38,38,182518,119282,83096,27916,83096,19292,22190,10677,1
56,38,210279,35304,6646,9872,6646,14806,9979,4973,1
75,27,13600,8195,2145,5197,2145,15811,15261,15899,1
88,30,599109,32798,13809,3795,13809,11934,8509,10807,1
93,40,31504,7081,14397,21885,14397,7459,9845,4839,1
80,50,41572,25838,8010,33998,8010,5243,10825,5547,1
50,50,298493,103944,1273,21809,1273,4273,13073,4204,1
50,51,14310,23705,4898,14056,4898,11200,6321,5168,1
38,35,84883,90345,19679,6093,19679,5200,8418,6188,1
41,26,172529,75551,28343,10055,28343,12784,5653,6225,1
56,37,32593,12973,6970,9883,6970,4966,7641,7323,1
50,40,432006,19543,3706,15261,3706,4811,4400,2144,1
53,35,614654,99737,11475,3218,11475,7003,8150,2949,1
44,17,166506,224503,5530,3228,5530,11654,3021,8993,1
35,13,124318,22308,1737,5966,1737,1470,2157,1829,1
34,10,41378,36556,3725,14042,3725,5392,5787,2860,1
43,24,36484,7865,8145,5688,8145,4396,3347,3291,1
56,47,253543,22327,8003,12493,8003,8860,2456,3699,1
57,60,63770,3864,5136,4152,5136,790,1371,1262,1
64,61,280600,26333,7398,7422,7398,8418,8784,3810,1
63,51,24519,17276,2154,3653,2154,3829,2569,6384,1
64,48,72464,26405,3624,10183,3624,9840,2956,2910,1
75,38,34670,14625,10511,4688,10511,5844,3287,3465,1
74,40,13523,15798,3727,7834,3727,4643,3453,3155,1
75,40,75998,4969,1245,1122,1245,1447,1075,861,1
70,48,94216,16697,19593,9378,19593,8777,6754,2136,1
66,43,15138,31963,6978,6521,6978,4542,2377,3355,1
64,38,107302,55938,10737,6613,10737,11041,6956,9399,1
51,43,629938,142319,12202,71554,12202,9035,9360,11520,1
44,47,793860,37882,27608,36922,27608,10086,11563,7141,1
48,44,56341,32448,1974,7174,1974,6171,6265,9383,1
38,38,612405,421861,31412,21927,31412,21666,32457,15616,1
40,29,982665,396717,60268,18953,60268,25820,45509,21793,1
40,4,895026,109361,4310,4632,4310,11767,18154,35327,1
35,1,135438,33361,2214,2228,2214,3076,5369,3646,1
57,8,94531,7603,1948,4794,1948,8040,3489,2580,1
67,11,1473533,233561,31845,38220,31845,52807,32605,11727,1
70,17,927945,137812,20423,5596,20423,24717,15358,4273,1
66,21,1755948,322597,30445,27917,30445,15853,19996,31514,1
53,26,112247,15755,12147,2332,12147,3834,8003,5820,1
51,29,952140,73484,4996,12686,4996,7133,9347,5372,1
51,40,871083,88828,45395,19388,45395,6940,10391,7652,1
43,24,879697,636299,34422,34185,34422,31348,31800,23174,1
37,23,256106,72809,8786,8465,8786,12426,18418,23303,1
35,20,95329,75493,10827,1819,10827,4728,7694,4859,1
40,14,107080,11209,3391,1323,3391,1156,1129,951,1
43,34,589346,25651,17027,24042,17027,6140,12861,7713,1
38,47,150142,12858,1524,16778,1524,2353,1570,890,1
47,60,294064,67057,64454,28861,64454,23571,5449,13458,1
47,61,791222,638609,50940,274587,50940,66343,65537,17421,1
41,56,1265119,33636,10366,9419,10366,2446,863,733,1
38,38,85848,25758,1013,2142,1013,1694,621,707,1
30,40,217061,23395,17622,12417,17622,4046,1289,2954,1
21,35,1171271,499164,38054,93687,38054,14672,7477,5794,1
27,30,2456375,191032,66140,24749,66140,25269,12163,21295,1
30,47,748049,95789,58473,129424,58473,24227,28053,26234,1
24,37,958720,290207,49377,36022,49377,12678,8477,4116,1
24,35,1154050,131753,24267,9473,24267,4178,1457,1709,1
20,40,39641,39194,16496,6644,16496,2841,1101,415,1
21,44,59560,6178,6030,9591,6030,2246,639,300,1
23,64,264926,12655,33315,40400,33315,3751,2980,1446,1
16,84,76959,19857,16077,21508,16077,1983,2913,1568,1
7,80,122048,71140,30955,27334,30955,4782,2105,3025,1
14,61,250270,85239,18901,13095,18901,13096,25791,3537,1
30,47,891044,163093,11994,12599,11994,18453,10680,9423,1
43,29,595547,66544,2070,13865,2070,9329,5242,5563,1
53,20,82898,115286,21777,9709,21777,16070,21086,29391,1
43,14,603525,195233,18055,20933,18055,7731,46960,23892,1
44,24,767333,39491,4398,25069,4398,9266,10642,3966,1
38,26,83843,8140,1231,689,1231,458,629,480,1
30,34,44725,18030,9843,3139,9843,1959,1050,557,1
48,40,28192,20446,5253,7106,5253,7187,2217,1569,1
37,40,1298855,318175,141832,44657,141832,18173,13549,12424,1
34,53,558773,75954,91004,14652,91004,6942,3086,1613,1
23,60,1721768,149647,138081,80655,138081,6993,3201,1418,1
20,64,92503,69602,54706,14180,54706,21222,9582,2720,1
27,64,758109,60639,20867,37918,20867,9705,15238,4869,1
34,60,1177156,16922,9788,9114,9788,2653,2456,4036,1
51,51,1026186,252521,90576,55547,90576,52415,6301,9569,1
38,44,1330903,370088,23815,89086,23815,16153,57873,6705,1
38,48,1776964,248778,61497,294187,61497,53431,82672,53319,1
34,47,195247,16484,2170,9387,2170,1262,779,488,1
21,47,301930,73810,20755,10622,20755,3505,791,517,1
30,57,288120,94564,54546,71407,54546,18680,10399,7701,1
13,61,484902,152285,94166,134012,94166,4653,8942,712,1
14,67,77988,5138,6558,2078,6558,648,152,193,1
8,77,275922,114879,151882,21450,151882,4867,4810,1981,1
10,67,176694,5118,1250,1101,1250,721,448,219,1
24,54,186467,151422,26005,18464,26005,13947,16561,8180,1
24,41,863944,305247,32552,40922,32552,20115,10285,13868,1
38,29,926605,114623,11623,30616,11623,10966,11765,7853,1
38,23,1649346,556512,85774,30254,85774,61578,52643,26335,1
38,30,1062506,62311,47744,13298,47744,10117,10766,6139,1
43,37,325960,56356,1437,31891,1437,8737,16827,7349,1
44,35,453877,334065,63468,30924,63468,34255,34070,26857,1
50,38,405173,48569,9065,16120,9065,13456,12311,8472,1
44,29,3199169,481889,60024,77692,60024,25452,58641,28813,1
40,34,1557637,744913,446360,205873,446360,84725,203440,75659,1
40,40,507258,94866,60619,5599,60619,12916,34386,31360,1
29,51,735001,50064,57329,38529,57329,7038,15601,5281,1
40,53,847238,811703,202520,157189,202520,152425,84843,79760,1
44,47,2344935,115905,23096,10569,23096,15599,6521,7169,1
43,27,1033338,141705,3707,6883,3707,11288,6589,7687,1
60,23,1601043,9220,4006,17271,4006,9688,12854,3413,1
48,17,830248,125661,14640,7172,14640,5436,3559,4745,1
37,14,835172,469132,54072,52129,54072,15013,5991,4472,1
24,11,39534,317825,2716,9924,2716,6745,6654,2786,1
7,1,566291,257001,3702,4106,3702,11365,9361,2475,1
17,4,133395,40377,68837,4600,68837,14055,6792,6261,1
29,14,1561899,42402,14669,18998,14669,7939,5875,7207,1
43,30,158801,75171,18313,2371,18313,8348,3375,3369,1
48,61,519211,13129,17502,6781,17502,2589,1832,1629,1
34,53,2239702,358661,45399,92663,45399,12822,15497,12673,1
41,47,337302,3789,1106,230,1106,1290,712,213,1
77,60,165992,10877,1462,9794,1462,6955,873,129468,1
74,60,1256703,297786,49494,42190,49494,36420,1714,496606,1
51,66,181653,124930,13746,29687,13746,4957,757,134889,1
21,56,326021,647647,68501,28191,68501,19181,3287,523932,1
27,44,338888,206228,32349,24781,32349,14874,3673,523366,1
27,34,1749125,627384,29677,14192,29677,18939,2361,494954,1
43,38,332458,83165,26519,4420,26519,9563,945,122424,1
40,53,281473,26510,41412,6373,41412,5811,304,131315,1
51,60,137656,22925,16340,5073,16340,5984,492,136192,1
61,74,154815,48910,21190,3148,21190,5113,1130,129629,1
88,61,2049886,161845,10582,47882,10582,31260,1968,518983,1
94,64,400583,75153,13733,62579,13733,23876,1770,537410,1
93,61,692854,166896,47061,35909,47061,30552,1901,551275,1
53,69,1155427,168069,74410,68123,74410,23422,2790,557392,1
70,67,523116,98079,57472,4995,57472,38201,3663,553862,1
81,70,225194,12331,4030,980,4030,2168,199,32590,1
90,69,251729,31353,22394,27702,22394,20815,2463,551453,1
80,70,986238,209480,160459,33571,160459,14056,2600,533270,1
74,77,328516,79577,102635,6068,102635,25664,3367,505522,1
63,77,204106,70291,8340,14623,8340,5439,379,115838,1
47,64,148157,57081,3752,6240,3752,4391,524,114529,1
69,54,1089937,16065,26130,24100,26130,24635,2474,536167,1
81,60,164519,90564,19539,5102,19539,13230,467,133826,1
88,67,135874,89967,70613,8927,70613,50187,3425,540680,1
100,57,746102,116567,31504,2693,31504,34790,1335,553124,1
96,61,635242,35760,35187,8071,35187,4207,1237,125633,1
96,64,83537,15203,9377,1876,9377,7650,717,128556,1
67,75,309973,14644,8797,36093,8797,4210,361,131029,1
74,74,831600,88411,26492,35317,26492,27642,1525,674130,1
90,78,239539,65995,40145,4984,40145,35720,1243,373717,1
93,67,492226,293030,56584,118727,56584,51571,816,575538,1
93,60,269298,187174,38792,13955,38792,32979,902,319836,1
90,53,769945,618155,121039,26795,121039,91823,3444,817061,1
70,56,310382,46063,33991,9693,33991,6546,586,162614,1
78,54,1076059,642013,252823,55279,252823,187344,5149,1682845,1
69,60,1095349,1125513,174545,360186,174545,113773,3035,2081697,1
67,63,189040,345560,77182,61226,77182,54046,1637,586609,1
88,48,652750,270763,49738,2925,49738,149025,1803,769083,1
83,47,1177425,235686,53053,44511,53053,48994,2609,728024,1
97,47,245585,73707,50453,3603,50453,36114,939,228974,1
100,37,754157,793040,58299,29674,58299,176540,5105,1002863,1
84,41,1524583,951512,169784,108539,169784,127953,14378,2047562,1
75,47,141506,26249,9145,9094,9145,2322,606,80167,1
43,26,42051,85640,2628,1388,2628,1447,1081,51360,1
29,38,2887905,344592,103836,41647,103836,27353,12895,854188,1
17,37,153905,125654,13409,16215,13409,6441,1667,270109,1
13,30,355313,29432,2766,6469,2766,1525,1591,68347,1
17,47,1238785,154506,36017,20432,36017,4678,1351,262682,1
1,38,230071,62256,1200,7816,1200,1023,209,65229,1
3,34,284504,279236,30162,2734,30162,13935,10076,180292,1
40,37,73697,106073,39297,23719,39297,23159,42917,40786,1
74,47,95639,51472,16861,21223,16861,24033,15421,50356,1
87,66,21545,12120,22841,17475,22841,7409,8658,13786,1
100,66,16916,6243,9138,2137,9138,13958,1953,42942,1
100,70,7172,7250,28193,10310,28193,25601,3135,18532,1
100,75,17076,14816,7821,15294,7821,15390,10447,12934,1
100,61,44999,12234,5930,5524,5930,16334,5478,22160,1
100,56,92573,65746,9201,4749,9201,10020,1566,65635,1
91,43,360464,791466,26989,116210,26989,154079,5094,1114246,1
66,37,3304602,1086481,325327,42409,325327,56469,3665,835521,1
38,47,2045316,28657,17764,12861,17764,2192,2278,230745,1
29,50,22259,5808,870,950,870,453,242,14636,1
10,60,842787,163780,33969,61365,33969,5718,3258,278398,1
14,66,46412,2975,1890,1444,1890,374,145,16627,1
16,47,537678,26433,687,1111,687,1313,995,59074,1
16,56,87090,30004,31283,5141,31283,4291,1190,62362,1
29,51,82295,7602,1214,1159,1214,813,181,15766,1
17,50,147604,44877,16493,10718,16493,1216,586,64691,1
7,61,354491,137847,22525,16006,22525,2661,1262,217578,1
1,51,1949896,654161,69911,127208,69911,11815,5617,901338,1
1,56,789186,30706,12161,1211,12161,1097,257,60853,1
1,54,227848,15577,9202,2842,9202,3074,602,63603,1
3,53,35410,10178,604,1806,604,268,382,16184,1
17,53,289832,19675,5501,2203,5501,1916,412,64387,1
34,51,977659,37771,5636,11296,5636,5663,4680,268653,1
26,30,311745,42931,7517,1853,7517,765,319,66369,1
8,21,715856,502940,36963,22852,36963,9466,2211,246055,1
10,34,61628,5614,1997,469,1997,484,115,15650,1
1,44,547182,24108,9357,8510,9357,1285,624,66405,1
3,48,617384,172927,41761,13525,41761,6382,2507,256462,1
13,61,222877,33871,19742,3832,19742,2990,1565,64045,1
1,56,274079,51028,4751,6827,4751,1251,297,58209,1
7,51,262203,27973,7979,2839,7979,2041,474,63085,1
8,44,482596,139570,6163,13614,6163,5603,4300,249427,1
1,40,94020,7978,2033,926,2033,249,99,14887,1
14,48,471616,10276,4502,4060,4502,1347,451,59702,1
16,34,228376,40148,664,1465,664,2910,331,62093,1
21,44,1442127,75441,26567,20900,26567,7529,822,240765,1
21,35,412075,254008,9024,18811,9024,6695,1843,256529,1
23,27,324868,21695,4448,1878,4448,2288,506,59304,1
14,44,232359,61346,19987,11345,19987,2484,477,66350,1
11,43,105202,5790,1421,1472,1421,376,126,17344,1
13,53,227724,31366,6714,6300,6714,1160,369,65352,1
1,61,298889,19742,3822,11213,3822,512,400,60314,1
7,63,77760,3656,803,2236,803,493,174,17206,1
14,63,65378,4670,459,1943,459,589,36,16059,1
20,51,64482,5701,3051,1458,3051,621,171,15859,1
20,51,42355,3985,2618,809,2618,467,74,14515,1
23,56,143162,12074,6702,6466,6702,2896,367,57265,1
35,75,399962,11205,5123,4112,5123,719,280,61893,1
34,66,379310,80305,13108,10641,13108,4813,1350,264754,1
24,70,419843,49492,20568,71288,20568,3895,1525,257592,1
17,67,63441,34906,15703,4714,15703,3201,1000,62904,1
14,57,254922,57089,5298,6116,5298,1958,731,58792,1
17,56,276941,28215,3487,4321,3487,2225,895,61010,1
11,41,546966,65548,6098,7190,6098,1029,438,61614,1
1,41,984219,128820,30439,42052,30439,4804,2372,236751,1
4,60,227643,8840,18235,1495,18235,974,397,61029,1
14,64,472956,18057,2011,6758,2011,4171,670,65352,1
35,64,1575692,57661,7107,7543,7107,7232,1092,209029,1
47,60,207025,6685,1401,1214,1401,793,524,60508,1
41,40,1031814,144960,14382,6236,14382,4029,1645,228014,1
29,47,209286,10515,11446,1769,11446,1060,266,61755,1
21,48,301915,421490,14318,112469,14318,24787,2814,904110,1
29,43,58443,5083,1476,590,1476,508,96,14212,1
29,37,783311,168088,6144,15428,6144,7261,874,218521,1
26,47,326727,12978,7947,2859,7947,959,461,57808,1
21,35,439562,223706,14443,3974,14443,7716,2462,197358,1
14,29,131655,34358,3149,2836,3149,1360,301,58097,1
16,43,82432,17032,4900,8466,4900,1475,1278,55012,1
14,41,801213,188922,79309,39947,79309,11149,6630,815955,1
7,50,136458,54589,6867,2693,6867,1011,597,55273,1
3,47,368783,215285,5736,19883,5736,5691,1264,218022,1
1,51,131060,24428,25493,7244,25493,985,460,60646,1
1,51,308305,29001,7166,4517,7166,1630,418,61891,1
4,56,1316154,88022,18541,1380,18541,6376,1149,208613,1
1,47,787708,173181,59074,8119,59074,3035,1432,224797,1
10,57,342664,40346,55310,5083,55310,4795,1213,231854,1
4,56,2033110,662165,97524,89154,97524,20183,9764,923069,1
1,47,193335,5310,158,151,158,190,96,13777,1
4,38,85537,41069,1585,4626,1585,914,432,58276,1
1,34,1687669,61163,34593,3940,34593,2992,985,228531,1
1,38,2236994,250322,107248,56607,107248,6845,5970,919934,1
1,61,956133,39684,19724,18543,19724,3300,2179,224061,1
1,67,451015,356053,97907,41782,97907,13234,3371,981174,1
1,61,912552,175065,33683,6298,33683,5047,2870,231546,1
21,60,465226,32635,6323,15598,6323,7772,1632,234356,1
17,51,984051,443763,128600,18106,128600,20235,3069,875768,1
27,48,477460,10336,2105,1793,2105,825,181,54658,1
27,44,236774,17603,762,2622,762,1129,366,60742,1
34,51,945285,106338,60079,10801,60079,7696,861,241556,1
30,48,1517211,86359,15224,16075,15224,11127,1834,186960,1
30,54,249100,75918,13599,17410,13599,5858,1540,216857,1
26,53,88221,35218,16413,1668,16413,1754,350,53628,1
27,56,323277,11739,2611,3423,2611,750,317,53729,1
8,43,393233,40058,1083,3089,1083,557,327,53723,1
24,43,103138,21490,4828,10355,4828,5769,1732,247910,1
16,48,158728,40672,26949,10897,26949,1335,865,221545,1
10,44,487543,79272,2430,9487,2430,3055,2672,237387,1
29,53,590925,152959,44413,11776,44413,16156,5415,976773,1
29,53,1389171,45030,12614,16214,12614,13543,3208,208616,1
41,41,199093,27765,4321,2000,4321,1707,200,54072,1
47,48,113377,5616,947,861,947,394,67,12744,1
38,47,176667,36132,4226,6315,4226,1595,280,54447,1
27,40,647639,167046,1496,27262,1496,14301,1686,206041,1
30,41,604971,153084,26257,25372,26257,13662,3320,208747,1
53,50,1178721,12439,16583,14362,16583,15639,2303,209526,1
54,51,691339,124258,34004,13420,34004,7468,2089,200180,1
57,64,161310,10012,10448,5622,10448,2181,379,57165,1
41,60,110372,50122,5763,1423,5763,883,409,56245,1
13,48,455245,55938,5729,4545,5729,1770,469,49677,1
17,48,230772,22785,7039,2329,7039,2123,750,52111,1
8,40,97996,20206,5616,3196,5616,982,472,48769,1
30,48,99425,8005,4210,795,4210,1927,251,51311,1
41,54,302497,28669,4524,7600,4524,2462,1396,53604,1
41,60,1704935,179195,87642,27846,87642,19613,5428,816838,1
47,54,1392880,320400,47733,25180,47733,20676,4607,836453,1
29,47,66035,37767,3715,1856,3715,1446,655,55616,1
41,47,470146,4986,420,2263,420,1362,1104,46174,1
29,35,1080911,179098,18742,11927,18742,4195,3713,198644,1
26,29,232667,154051,7552,8678,7552,6216,4830,176861,1
29,44,382401,64500,8056,9708,8056,5050,3341,171214,1
29,47,169738,17045,1546,2406,1546,469,1101,51345,1
40,61,141428,8027,4259,4010,4259,1651,549,47515,1
24,47,747559,202573,38890,16740,38890,8414,5394,191619,1
16,47,2393731,159129,52602,7106,52602,3764,2239,197268,1
10,43,451243,13838,1450,5646,1450,1085,1079,46393,1
16,41,135147,34308,5234,2107,5234,2653,1053,54034,1
16,48,954368,507569,106712,84958,106712,23141,19737,718782,1
17,40,459802,209325,8500,14894,8500,4851,987,213399,1
10,41,553047,15195,4162,3782,4162,601,272,54913,1
1,35,840104,239546,7611,15627,7611,2200,1502,211018,1
1,38,738015,238907,50726,78609,50726,9287,4238,925312,1
1,41,357354,5882,1110,392,1110,286,1422,53962,1
8,34,2125526,271881,9715,34719,9715,12651,8325,852060,1
24,44,205232,19839,8149,2517,8149,1363,718,39843,1
29,47,706721,33476,8160,13550,8160,2448,1319,44791,1
43,50,401494,9179,2874,770,2874,1802,740,41605,1
47,60,790004,102197,12543,52019,12543,10141,2973,166547,1
40,66,128300,21409,20974,8329,20974,968,1567,50317,1
50,61,1814499,203985,18157,69372,18157,36176,25957,792337,1
47,56,1148349,160354,20829,7399,20829,18636,4456,193595,1
50,51,1499916,49421,11411,7354,11411,5954,5671,189698,1
47,40,2546372,900186,42397,181028,42397,15724,18636,936861,1
30,35,661656,186546,22578,7530,22578,6173,7443,199917,1
23,43,76934,6004,1413,1434,1413,386,199,12695,1
26,44,79507,9455,3048,1286,3048,731,174,12450,1
35,53,744820,94884,23357,13526,23357,9598,4723,186876,1
38,51,446948,57629,29038,14054,29038,6646,3068,181963,1
47,63,274909,9357,6751,3822,6751,1292,951,50520,1
44,66,511251,69631,30996,14325,30996,5138,3274,201169,1
40,70,826758,49325,30758,12329,30758,3760,4888,186714,1
38,63,386818,124262,6508,17801,6508,7774,3540,194120,1
30,48,38008,10805,1031,385,1031,427,297,13047,1
35,43,871617,312171,58985,82770,58985,25275,14571,734363,1
35,38,251497,19667,4323,2741,4323,1024,610,49744,1
27,47,740473,265769,125354,36158,125354,12172,22752,880546,1
26,48,285232,88227,4705,8562,4705,3415,3063,178823,1
17,30,832781,122448,1250,4994,1250,2950,7140,175632,1
10,29,2870588,273955,27851,38767,27851,6365,3344,213695,1
16,21,712465,334984,39419,31097,39419,22509,11704,756722,1
23,20,906714,81610,1613,9607,1613,6409,4031,200469,1
17,27,195184,44179,3459,3233,3459,612,452,47307,1
24,26,43791,9129,393,1610,393,409,165,11678,1
17,23,1261116,584114,35251,29995,35251,16001,8690,751487,1
10,27,640274,149000,25804,9325,25804,6041,1973,202140,1
26,29,200449,12846,2045,1228,2045,1004,700,47188,1
27,34,1823690,102583,28142,6592,28142,6732,1568,203536,1
30,41,1032345,126063,24837,13738,24837,6314,2269,180171,1
51,48,1123085,80216,36648,22585,36648,28249,21661,763761,1
43,56,106071,21892,8423,3228,8423,951,448,47509,1
40,61,509885,210053,86524,53644,86524,11213,2541,697975,1
40,54,577510,103220,3174,12769,3174,4169,2736,193697,1
10,41,772662,784070,26240,37249,26240,8351,20084,718323,1
16,35,608478,240911,5419,63333,5419,14820,22989,825894,1
20,35,441939,125260,30244,54345,30244,9459,12741,716274,1
17,43,1114975,88104,23441,15097,23441,3982,1901,196871,1
43,51,866827,115878,23661,6925,23661,19916,4801,726347,1
48,51,643396,60216,9188,10351,9188,5419,2950,196343,1
51,50,258280,66632,19857,12111,19857,7632,1603,176235,1
50,67,1469049,25573,42906,36551,42906,5155,5237,209076,1
56,63,585213,30919,4289,2121,4289,5359,3495,170335,1
50,63,506788,87134,40361,7193,40361,4692,1635,174544,1
44,66,1163333,66906,4413,40235,4413,5596,2172,170247,1
30,44,1397111,688114,84727,14390,84727,10984,9079,773928,1
17,56,669590,61466,15624,35497,15624,3625,1791,199518,1
13,41,247937,129474,7550,1918,7550,3003,1585,191615,1
17,26,369189,55850,2512,3330,2512,5933,8067,737451,1
34,35,219307,147741,30362,40851,30362,11543,5786,774539,1
53,24,127773,30694,4800,9098,4800,11833,5034,803856,1
54,24,832377,417906,7291,24695,7291,10599,10619,730647,1
43,34,1365012,230577,34285,26530,34285,7538,10289,811903,1
37,27,584655,405312,60470,35477,60470,13502,11950,677233,1
21,35,473192,25337,8696,8827,8696,2567,1167,189482,1
24,38,156343,192926,14823,5971,14823,6690,14380,779264,1
30,47,439359,48824,7547,32125,7547,4690,6611,697393,1
37,43,300042,253020,28646,13668,28646,13187,6498,734814,1
56,40,389329,37713,16612,14207,16612,9647,9761,768364,1
67,29,557967,67526,13767,9151,13767,18399,3088,754238,1
74,34,645785,128433,8417,19840,8417,9460,7274,694695,1
48,40,288799,24701,2546,3156,2546,907,364,41978,1
26,38,167869,73035,4838,6508,4838,1709,2668,177302,1
24,34,580010,101948,1853,7821,1853,6223,1513,177785,1
16,27,30149,29151,7660,1059,7660,662,543,44579,1
13,24,451811,727599,61127,41050,61127,17580,6047,694246,1
16,24,486922,103324,8432,7307,8432,3661,4093,166954,1
11,27,1049874,308666,37466,7390,37466,10551,6399,714378,1
30,29,1836128,188571,22036,62968,22036,36218,16189,670334,1
29,26,129913,153697,9561,5738,9561,3226,3236,167564,1
26,35,460589,42965,11282,9499,11282,1572,1672,191112,1
27,40,523688,83318,3530,14564,3530,3727,1307,172050,1
20,38,1900078,117220,30408,14748,30408,8448,2012,733183,1
29,53,795846,87466,30113,24623,30113,7073,6205,762262,1
56,57,1777848,160910,38479,15215,38479,15581,4811,696867,1
63,57,69503,30160,2350,9226,2350,4783,2769,173777,1
66,51,131138,171729,29669,13342,29669,13961,4345,663433,1
69,50,103648,34516,6798,12884,6798,14112,5272,706571,1
66,44,288296,40961,569,6591,569,2395,2652,173102,1
69,41,236606,28499,7244,3302,7244,5660,3721,705053,1
69,38,437918,139140,12147,7968,12147,9754,3951,695293,1
57,43,10701,76147,28833,29284,28833,11725,6533,740770,1
63,44,237523,199800,30209,22897,30209,20668,10065,727996,1
51,51,1078770,162909,35532,57687,35532,12665,7059,655404,1
38,56,145404,366088,18889,57487,18889,7868,12663,696289,1
41,50,239964,177820,69656,3344,69656,28771,15888,766587,1
48,61,313617,46849,33698,47289,33698,21691,10931,712866,1
40,47,813625,877028,30378,37032,30378,19420,9014,652096,1
57,51,50232,57870,25213,9734,25213,9746,8008,686513,1
48,43,590358,243590,9329,21354,9329,14123,9376,696433,1
44,27,228559,46700,2039,8415,2039,6345,1168,150795,1
57,44,831296,38258,18864,9191,18864,4754,1009,159063,1
53,47,1071577,41454,13668,14491,13668,4701,3683,142496,1
57,54,494972,280677,1039,94548,1039,25465,17765,624119,1
56,56,1769672,62625,12014,5972,12014,7501,3100,146580,1
53,50,1003508,261238,8046,70199,8046,17418,11088,575233,1
47,48,610642,224467,80249,19212,80249,10371,10249,599877,1
43,60,73734,4931,5608,1574,5608,701,190,41627,1
40,57,391721,62531,9796,4102,9796,5409,5393,666799,1
47,54,338417,12659,2480,363,2480,1615,2078,188417,1
44,48,969841,204328,14992,18522,14992,6636,7622,698835,1
43,41,334943,187565,85473,23265,85473,15023,4417,686402,1
48,48,57108,44795,13750,13458,13750,8377,3784,620971,1
48,53,682103,138370,19857,29988,19857,16937,21857,684453,1
54,63,1211599,99117,58831,35912,58831,10154,10503,657466,1
64,48,481997,78178,1255,7584,1255,10380,11628,672167,1
67,47,36887,23945,8449,1970,8449,6523,3692,655992,1
74,43,412456,105724,3673,24497,3673,21700,5204,694123,1
77,35,111292,9351,668,1680,668,852,379,40675,1
63,35,345836,69667,2610,4574,2610,2606,1285,143081,1
60,41,571527,39516,8504,23252,8504,9024,4177,630585,1
67,48,9982,13451,4437,12339,4437,9283,2798,625460,1
66,61,168147,45898,36365,20783,36365,7096,2592,631803,1
77,78,177085,39621,29817,8586,29817,7439,4847,740057,1
74,83,242717,34266,17767,30440,17767,6921,12632,683835,1
69,84,486432,47229,45804,3078,45804,21173,7488,618635,1
67,74,1350845,183994,26690,30457,26690,13918,6222,580984,1
60,60,980729,237704,11395,30762,11395,12603,6593,706411,1
50,47,29163,37184,3928,4391,3928,1446,414,45879,1
35,38,661270,144750,28320,7774,28320,9599,6606,584733,1
44,38,114778,16415,3158,3724,3158,3758,3192,173997,1
57,51,139916,30010,24886,15329,24886,10575,5070,646883,1
63,54,344485,90217,29502,4979,29502,6743,12697,695840,1
69,64,264492,51122,34039,22709,34039,11326,11391,634038,1
70,70,438861,27732,20337,3843,20337,8227,7376,647629,1
66,64,472514,49658,4544,14506,4544,6324,6238,657567,1
70,69,23015,15650,13995,2307,13995,2961,5106,714144,1
78,61,318643,76906,41625,4341,41625,16161,4382,615778,1
70,61,256957,67491,9822,12399,9822,3533,5759,657111,1
80,56,67414,27969,6926,8764,6926,8797,4961,685303,1
64,48,1123221,116772,11893,946,11893,8620,2911,659885,1
67,37,52597,45576,5298,4274,5298,9237,5133,617590,1
80,44,229398,16583,20413,5215,20413,5747,2148,634944,1
75,38,93589,45802,5044,8122,5044,7650,2550,648582,1
67,43,2311030,299619,32789,17245,32789,12497,5355,615326,1
57,51,1518103,194873,52396,42204,52396,17440,3770,613607,1
48,37,2050135,187387,3821,19023,3821,10757,3213,618100,1
37,47,397065,143990,103902,24475,103902,11515,7404,641561,1
47,67,179603,18028,41143,11950,41143,6404,2833,656064,1
54,81,198823,52171,13611,10575,13611,5099,2776,663206,1
44,64,277382,254407,7530,17709,7530,5291,5143,651645,1
44,54,193026,25268,10782,9743,10782,4000,1659,634870,1
47,53,112884,18769,16091,3615,16091,6885,3144,666530,1
47,48,2554467,98466,17814,5208,17814,7454,5922,677267,1
63,64,2681895,89850,27741,59219,27741,16126,3598,694223,1
67,60,110524,41996,3957,13609,3957,9080,2798,618643,1
64,63,80883,22082,30543,8638,30543,7441,4695,692483,1
66,83,308138,14291,10169,12491,10169,3549,5821,655510,1
44,67,485900,348905,12382,7601,12382,6226,3215,654165,1
41,61,198797,60836,4857,23717,4857,7948,12210,652542,1
60,47,69776,13358,1819,6272,1819,10337,10921,659329,1
63,38,124858,64418,23138,8941,23138,10979,2495,637606,1
83,54,150589,20667,9803,4747,9803,4720,5985,603102,1
74,48,330752,264146,24711,24044,24711,10790,2166,597072,1
67,57,277146,22237,21350,11748,21350,15293,2153,604472,1
67,57,5820,29683,13691,2217,13691,5436,11947,647399,1
75,57,67132,18839,5373,4868,5373,9003,5324,626762,1
80,54,1142794,128720,3814,11954,3814,8079,2557,660325,1
69,48,228293,33375,5930,9756,5930,3998,14952,647475,1
77,51,120831,15963,8164,16761,8164,9427,3898,611366,1
83,54,55714,4728,2019,5752,2019,10484,3235,659607,1
90,66,278616,10512,2252,4666,2252,2424,3873,650033,1
94,66,151154,47535,22248,6966,22248,14726,5252,622569,1
74,61,453497,125640,31508,18069,31508,4695,4609,601350,1
51,60,260578,101744,23058,22091,23058,10569,5676,618126,1
41,63,1313291,72163,41012,17683,41012,6823,1986,629424,1
35,64,58800,9641,228,5267,228,1304,668,153188,1
48,56,60498,34781,4432,2729,4432,5060,4930,642366,1
53,56,268189,41869,5159,12301,5159,8001,3438,621857,1
64,41,1091751,121321,71975,16823,71975,14435,6799,647399,1
67,48,981634,126660,44756,8813,44756,29150,7986,606225,1
74,48,14012,44761,14025,6748,14025,13800,4818,629300,1
67,51,196007,61966,5818,8284,5818,10971,2406,640279,1
61,48,317778,54981,17090,13347,17090,3498,4226,638452,1
44,38,103633,47345,1838,2017,1838,1381,1267,163533,1
37,41,110494,18975,4838,5467,4838,2731,1497,155605,1
38,56,532025,24976,29087,8353,29087,10154,6200,638745,1
51,56,656169,33926,21376,8223,21376,11190,4668,660775,1
63,81,1255429,27302,70441,18872,70441,11445,5049,638667,1
74,80,9599,15831,7212,2874,7212,6950,3702,671944,1
78,70,723738,27381,2601,14928,2601,11758,4304,705154,1
88,61,436737,15297,17674,2347,17674,8688,4552,630017,1
87,64,9641,17451,6851,9772,6851,8286,1345,681921,1
69,64,154847,41649,2580,14278,2580,2640,4435,682726,1
67,63,54931,22010,10420,3243,10420,4502,5875,657207,1
56,53,240538,54086,5725,3520,5725,4953,3863,609777,1
54,48,296055,16381,1501,11557,1501,6413,3265,692333,1
57,40,202231,178353,3537,22780,3537,12624,5458,696999,1
44,40,76436,160670,9839,55611,9839,6211,3980,691289,1
54,43,9433,25410,1432,5652,1432,7616,4239,700108,1
54,47,81243,17006,4983,11361,4983,7076,9118,681826,1
61,57,3661,25626,19223,800,19223,6248,4304,689918,1
74,57,73639,66245,22945,6867,22945,8621,5076,635389,1
77,54,14312,29792,5126,933,5126,12689,3647,674126,1
75,61,55853,14711,20474,6422,20474,6669,5602,706735,1
77,64,208390,11697,8447,7506,8447,5095,5762,679980,1
57,41,502336,653335,1624,2720,1624,9077,4032,631601,1
60,56,207866,19160,10010,14535,10010,16031,5814,646166,1
57,53,137797,32654,10544,13270,10544,7854,2493,672668,1
47,41,97276,44815,1669,3325,1669,2287,603,168760,1
64,61,170871,74283,7707,5574,7707,8682,3201,634010,1
56,56,94574,50808,15199,11549,15199,12944,3937,632365,1
51,60,97177,56772,12656,34034,12656,7199,3759,660131,1
61,67,507459,32629,15127,2659,15127,7426,8372,708108,1
66,75,262510,50275,15400,11354,15400,12888,1755,671892,1
54,69,772760,195822,22816,8383,22816,10304,9169,673317,1
60,70,1838000,39369,48454,16144,48454,14202,6925,701634,1
53,77,333088,62285,40167,14667,40167,10677,7503,737589,1
44,80,203782,143550,23673,9131,23673,3032,5121,154083,1
29,78,750831,144700,84107,35743,84107,9179,10794,628047,1
27,78,1536790,13820,5554,7051,5554,2964,1329,145459,1
38,84,201747,62408,12869,55941,12869,13328,7332,677535,1
35,74,276776,257981,25445,16470,25445,7114,1969,693856,1
24,70,151585,196553,27460,35399,27460,10088,3958,677329,1
30,75,721859,30126,13932,21661,13932,5879,5854,669252,1
26,77,380267,41016,16379,35113,16379,5686,7874,693503,1
35,87,306678,96759,53900,13416,53900,9121,9419,707363,1
44,83,298292,42305,5168,7957,5168,6288,10676,743420,1
48,81,199127,82768,56139,5706,56139,15794,12549,656399,1
37,70,224199,467150,54778,38106,54778,9704,4229,660014,1
38,75,314974,87642,11626,15171,11626,7486,7312,677890,1
44,77,76468,14106,5487,9361,5487,6940,5039,693220,1
66,81,175869,32531,4668,18414,4668,9232,3770,706856,1
75,74,31862,27898,3438,7821,3438,10880,7194,654874,1
80,69,296663,119551,8478,17283,8478,15949,4114,635636,1
64,64,218061,10823,3683,1078,3683,816,329,39341,1
50,63,233165,57414,25341,3795,25341,3244,2678,159017,1
41,66,323073,18457,9286,6766,9286,10093,4348,635344,1
47,69,120454,57220,33947,10001,33947,7910,2467,655340,1
48,75,87283,32538,17760,14733,17760,3173,5895,730080,1
53,83,1344508,114847,23960,58150,23960,12927,7201,676947,1
44,78,305764,19982,3167,1751,3167,2994,1688,187213,1
47,77,717808,49624,19529,8296,19529,7313,4118,731944,1
51,70,77818,82208,34664,10757,34664,10292,8648,722064,1
57,64,550171,122197,16713,12802,16713,22160,14664,603838,1
61,70,1260626,195404,82943,56665,82943,53438,23542,541496,1
61,78,127883,9040,4442,8696,4442,2301,877,32472,1
50,77,414153,119877,34952,13215,34952,3492,1058,155566,1
35,83,238499,82946,31844,13740,31844,3843,6145,146535,1
21,70,136826,404627,8567,27424,8567,14509,11890,697979,1
40,74,316934,259499,100330,38294,100330,37198,11181,687357,1
41,66,1002342,484190,82537,28171,82537,21281,31553,670118,1
43,78,762501,352856,127373,73367,127373,25790,16002,673406,1
27,63,890441,159238,2999,13904,2999,5946,1104,155712,1
26,54,1165541,74351,5058,5994,5058,6214,2331,180270,1
43,60,1467206,75312,11164,43470,11164,29685,9730,672035,1
40,54,1321478,653193,115444,66285,115444,20900,13780,656805,1
41,56,1054154,180881,15055,8565,15055,9094,6043,138103,1
35,63,185525,95624,20221,16955,20221,5323,1723,145667,1
26,61,142422,205340,45533,28228,45533,24960,21740,648798,1
47,63,1309593,66165,16969,18208,16969,24109,6125,154487,1
54,74,250254,15144,5476,4622,5476,3325,1126,40926,1
67,78,260002,8228,5375,5661,5375,2722,1380,28870,1
61,75,1837440,273629,34458,21039,34458,15000,14494,433005,1
51,66,1711980,100011,7107,6274,7107,8150,2164,114421,1
47,67,1437116,285327,137086,80711,137086,39947,14339,565473,1
47,57,1056107,33477,2212,5807,2212,6192,3995,146709,1
69,63,224642,216375,6599,13696,6599,34871,11287,526796,1
75,56,798804,174444,13825,32038,13825,29967,11762,559557,1
61,57,728820,140794,18265,16494,18265,5654,2549,137790,1
54,50,798026,97659,20155,9582,20155,15872,13145,530041,1
44,69,680496,36092,34940,14962,34940,4186,5548,170847,1
41,77,1493712,120237,44333,59341,44333,19014,19332,540352,1
43,78,651300,452014,119405,56721,119405,27910,25939,560618,1
43,81,315363,108041,32637,13384,32637,17765,20990,620810,1
38,77,843755,193461,86711,62864,86711,21132,16138,557135,1
44,74,132088,75229,827,15049,827,9105,3881,143945,1
44,67,378094,279978,11911,28301,11911,30959,12402,585184,1
50,67,81870,12129,5724,2342,5724,1689,983,30915,1
56,56,258879,47909,1303,7777,1303,6431,4979,162790,1
60,61,43837,36956,5442,15229,5442,7974,8858,126486,1
67,66,871218,102103,41020,4611,41020,39417,10691,613335,1
47,64,398042,393602,35244,14525,35244,13285,21767,528785,1
30,54,3302469,841382,72110,25301,72110,23963,13573,643910,1
20,53,136265,145066,33484,10201,33484,14907,6621,609725,1
27,44,93226,35974,2719,1861,2719,3217,3542,145381,1
53,51,1256087,115433,27464,6505,27464,21451,6768,560412,1
47,50,1068030,180307,19612,10128,19612,7664,8056,616031,1
48,64,67798,34142,17964,26257,17964,7455,18426,523302,1
57,69,33779,70836,17676,20286,17676,28821,9236,595984,1
56,75,259154,74373,39798,13501,39798,14996,11131,527848,1
57,87,153248,75058,30123,48251,30123,6984,8297,667422,1
47,80,804097,212987,56954,43645,56954,7509,8388,634925,1
37,70,473338,97857,2601,9653,2601,11945,5027,134044,1
29,61,387661,346921,18635,30504,18635,21440,6014,577261,1
41,56,1262845,28883,5486,14203,5486,7048,3012,138556,1
56,53,285469,136373,26720,12239,26720,23230,4575,551911,1
54,64,1189775,42621,32226,2516,32226,6204,2906,152836,1
60,77,93370,112488,67593,30165,67593,17446,5733,582880,1
53,66,3467615,202796,22110,6215,22110,18032,7561,562864,1
43,61,188850,317532,10801,20518,10801,14684,9131,527189,1
48,57,248109,49067,14355,8222,14355,10741,6200,590686,1
48,51,96363,29359,1214,8897,1214,3441,2216,147711,1
57,57,10092,15205,3977,5969,3977,6061,3935,589370,1
70,66,37132,25635,6391,9503,6391,7526,8241,606092,1
57,66,51104,105013,36061,7154,36061,5867,8138,588359,1
66,60,502095,145448,8800,15195,8800,32775,8799,658607,1
56,61,521308,50327,10897,13755,10897,5558,13496,552621,1
57,69,47894,12787,22809,6114,22809,8441,8872,638227,1
63,69,1123408,121360,40092,13516,40092,11661,6851,627963,1
51,78,430991,144807,66387,9742,66387,13590,7906,560368,1
64,83,130409,45358,41577,16386,41577,26322,5102,513388,1
60,70,863940,72334,21207,6387,21207,13520,12387,562946,1
70,66,980465,123654,21128,10987,21128,37238,7487,612742,1
94,64,470422,21501,11374,14009,11374,31866,11676,530185,1
78,54,534970,186122,8361,34869,8361,8757,9060,529986,1
75,56,65180,72635,15981,4543,15981,9080,4491,603589,1
77,57,448562,66032,7598,25164,7598,36109,12119,660440,1
67,60,69785,38130,19788,6935,19788,15391,11158,624389,1
74,60,130092,83286,5683,9005,5683,7068,11340,629162,1
70,56,501655,36499,2803,4907,2803,3557,3038,121430,1
75,60,295385,12233,10611,5089,10611,12539,11523,600218,1
64,63,1062288,69227,34703,20269,34703,12123,4084,589297,1
67,64,484863,149147,7690,28509,7690,21992,7245,537654,1
64,63,598780,386272,32000,31864,32000,24111,13301,620650,1
48,53,65720,252371,16228,10634,16228,21483,7272,546418,1
44,51,382583,41127,23104,2799,23104,4246,4764,120772,1
35,60,1758783,246617,124790,68141,124790,17259,28468,511096,1
40,66,416575,42748,15548,3976,15548,6088,3184,152333,1
37,74,540998,151075,27878,9522,27878,9894,21467,567528,1
34,75,205871,13403,10829,2635,10829,1378,3547,146928,1
35,69,294341,281043,50890,45113,50890,16440,9563,610425,1
40,77,202758,3215,4426,1480,4426,1345,432,36899,1
51,69,285485,46393,3696,2661,3696,8752,6136,648491,1
57,60,749540,171024,44527,8197,44527,23630,5489,611151,1
69,56,120266,45675,2256,10185,2256,8715,5891,538245,1
83,50,11553,16694,4827,12404,4827,22737,16713,601373,1
81,57,535539,140877,16300,31136,16300,28322,8559,565886,1
93,64,815837,9923,7120,5940,7120,8551,3394,148983,1
90,78,2879860,78883,66472,49164,66472,19486,18325,525506,1
66,88,316435,37288,10450,11470,10450,4994,4303,149771,1
48,83,1799008,336988,50351,80314,50351,26452,16026,520275,1
53,81,1364915,145565,69996,91408,69996,54465,16639,521964,1
54,77,710878,46783,10889,18001,10889,7908,2339,131633,1
50,81,906006,41027,20614,12214,20614,3956,3884,148506,1
54,90,353610,23463,28437,13465,28437,6357,1249,148874,1
47,84,361319,93847,25413,14448,25413,8307,4330,573905,1
50,84,1661556,37435,6072,26434,6072,10617,4250,565231,1
51,81,1113685,126244,17325,64431,17325,13403,12874,571780,1
47,77,164482,55149,31434,15048,31434,5934,19664,591562,1
44,74,512321,263714,33622,23120,33622,15966,7148,612215,1
43,63,274842,80701,4228,7915,4228,11317,7518,621533,1
54,67,440019,27756,19775,48014,19775,19171,6292,561496,1
74,69,766884,7718,12680,2452,12680,10212,2099,146992,1
80,80,114451,21304,15247,5390,15247,5350,2062,159819,1
74,94,648352,68726,62579,37766,62579,9627,8944,642043,1
69,84,270044,99507,11621,25920,11621,19177,5560,594112,1
48,78,218354,77650,17805,9476,17805,4441,4096,145487,1
35,70,626236,99076,15419,23498,15419,3719,2817,167999,1
35,56,317636,116530,5179,12621,5179,8299,3768,163068,1
26,41,771451,180583,5184,3005,5184,10724,18328,602712,1
35,44,113698,14560,789,6753,789,1922,877,38933,1
53,47,29870,27074,3114,13621,3114,9130,6881,647343,1
56,50,157028,110860,22426,5006,22426,11326,9679,663933,1
53,56,65108,21398,1816,1356,1816,946,1516,32538,1
44,57,1564961,49766,12482,14686,12482,3394,2765,153141,1
29,53,78829,219438,42684,19216,42684,12237,13108,580107,1
29,64,89970,61856,64011,14066,64011,11634,4973,631428,1
40,66,375059,29915,3971,2627,3971,4362,1083,35910,1
41,69,316642,35808,9597,20407,9597,3741,3470,160748,1
56,69,708696,94862,26346,11113,26346,26301,21620,593537,1
51,64,207745,149320,46768,19069,46768,11419,11301,604078,1
38,64,593252,165334,22725,5110,22725,5985,7744,631896,1
40,57,660717,115206,17772,22518,17772,9153,15832,616268,1
35,60,1366190,110223,35268,12686,35268,16333,7202,672782,1
44,54,525154,130421,4130,29284,4130,24040,24497,641968,1
51,61,205970,144495,19864,51506,19864,13939,10580,580827,1
50,64,365863,135946,57253,29880,57253,11989,9200,659046,1
41,61,835212,394675,36778,57577,36778,18501,7083,633189,1
30,57,591388,181965,9774,14890,9774,10706,8090,147895,1
24,51,69447,51169,7159,2784,7159,1897,1421,39690,1
26,57,791464,38823,43569,5871,43569,5166,7427,158961,1
27,61,338660,153699,21185,34252,21185,9425,7532,621234,1
51,67,731353,15288,6386,9102,6386,20342,15497,580422,1
51,75,407878,131611,16146,46711,16146,6648,10210,646044,1
48,66,1253133,372495,104541,61808,104541,26282,9005,675767,1
53,63,309276,25516,3474,1974,3474,2527,1193,31701,1
30,60,633869,179129,17649,23868,17649,13141,4219,161388,1
48,63,1208559,85136,75144,26340,75144,39489,69927,586636,1
47,69,1776796,67610,42303,49101,42303,6243,2901,142717,1
44,69,2015720,345522,34386,41788,34386,25680,14655,540469,1
40,61,529938,714762,29127,22912,29127,23584,11218,124087,1
27,54,144630,15562,2623,2873,2623,1390,1165,38953,1
37,40,594919,30778,3051,1753,3051,3457,950,31636,1
43,41,225581,234723,27605,40097,27605,37814,22749,538176,1
35,37,150178,77397,1153,998,1153,1030,1029,34163,1
43,48,1256276,13870,27004,18514,27004,9106,2150,133796,1
24,47,61885,86020,3856,6855,3856,1233,2118,34500,1
13,40,1140061,221211,17255,6620,17255,7870,3025,146133,1
26,63,1768826,499496,154434,197533,154434,46010,104215,501819,1
26,63,3009653,138477,67970,20332,67970,12875,11245,14855,1
16,50,873601,82004,13277,9238,13277,5527,3027,4402,1
41,51,613137,75354,4674,11039,4674,16472,8135,6243,1
51,61,1339873,123610,37899,33202,37899,18360,19261,38976,1
35,48,358169,179897,7513,8976,7513,1886,5399,6151,1
35,53,1604333,302066,69014,78997,69014,22840,8660,84359,1
21,50,2006742,1737580,89176,154496,89176,94983,41174,390591,1
26,54,1219684,23144,18906,9957,18906,7851,9881,9175,1
34,53,607417,857237,57300,5074,57300,18645,15479,9757,1
30,51,381440,98052,6293,26787,6293,6878,9352,6057,1
35,63,214914,6634,3122,1448,3122,625,419,1033,1
40,60,366048,16867,14919,7560,14919,11376,13399,22283,1
47,66,1434512,540712,90623,37265,90623,30225,21847,46257,1
50,60,1601956,684451,35720,67312,35720,51059,48014,84811,1
64,61,19627,25818,38996,10621,38996,25957,28705,75783,1
61,57,432072,79718,25523,4367,25523,23883,9786,37429,1
93,77,102181,10574,8666,9552,8666,4205,4937,26547,1
97,78,16128,15277,13570,31508,13570,31496,11863,95254,1
96,83,752406,106563,65493,26204,65493,33867,21861,99322,1
81,75,932555,54221,3874,6013,3874,7503,3163,28755,1
74,70,15200,26826,7415,28547,7415,18123,9490,67207,1
70,74,8000,27283,20710,19173,20710,12211,16218,85161,1
88,83,9295,23976,29719,3769,29719,40916,11365,94094,1
90,70,226885,50496,12346,1256,12346,9068,2032,19029,1
94,77,14120,22058,51560,14082,51560,37524,18161,112621,1
91,83,95479,10676,21263,5809,21263,4543,2385,34065,1
75,88,39217,55377,46267,47388,46267,18357,12647,62928,1
75,100,7443,15918,22626,14674,22626,12636,16361,88344,1
91,87,8257,18333,7617,1982,7617,23708,7879,68804,1
84,63,343125,333122,10314,5944,10314,18039,12154,83797,1
90,60,9613,13258,28234,14587,28234,21436,6665,77729,1
81,54,76632,152096,42955,23790,42955,23868,9726,109686,1
69,69,8328,30995,142030,41790,142030,46633,15301,66571,1
93,90,3675,11300,6746,21184,6746,26030,7177,119811,1
96,88,9078,24133,41832,15329,41832,39084,7181,72162,1
100,94,2268,8585,15258,19233,15258,13543,14850,91857,1
100,87,2010,17198,16750,25585,16750,27070,10902,91998,1
100,93,6045,3731,5929,40885,5929,18338,10895,76074,1
100,90,3252,15455,15430,5838,15430,12732,5064,90734,1
100,88,8133,16148,3707,25643,3707,13386,6697,113641,1
100,81,35145,10929,4343,2362,4343,8460,8316,98074,1
100,64,1695,28955,6258,2776,6258,14421,8911,113954,1
93,61,22368,20849,2237,6353,2237,3043,3951,146700,1
88,57,8925,21971,19080,4522,19080,8098,3735,123420,1
75,67,46543,24330,24184,10164,24184,7292,4165,129822,1
78,67,8664,24566,4439,5912,4439,18938,6401,137750,1
100,81,13216,9895,2640,16793,2640,18441,5089,140806,1
100,80,336331,17519,12200,53875,12200,23577,4737,147571,1
100,83,3234,22185,18147,11872,18147,20511,3538,117326,1
100,80,185273,42797,36036,7470,36036,21057,7182,104054,1
90,90,32542,39705,141587,5301,141587,25715,4937,137261,1
60,100,13326,60363,208869,14546,208869,16271,12913,141409,1
53,100,6301,12498,129891,27114,129891,25018,4733,173611,1
48,100,7067,23312,18800,24155,18800,6014,3705,132633,1
48,100,6883,29151,36316,15011,36316,9019,5333,112276,1
57,100,5374,27872,42087,14910,42087,13418,5419,139548,1
50,91,1396,93881,7944,27897,7944,8191,1971,169013,1
63,77,89296,17297,7356,1507,7356,3471,1575,38977,1
66,78,6930,24127,50147,22815,50147,21145,4357,163420,1
77,74,8715,42084,6132,5347,6132,9342,6173,160946,1
74,81,216,22332,31173,26380,31173,14201,7538,146577,1
64,91,7627,24483,71541,18589,71541,6949,7223,146124,1
78,78,13688,12996,4460,3379,4460,17487,4786,97741,1
70,87,28691,14695,8881,24182,8881,4636,4641,157439,1
67,83,8229,27244,27621,10094,27621,2931,6003,166342,1
60,88,12225,21903,16386,6463,16386,15495,5346,164444,1
60,93,3646,19105,91338,12240,91338,18032,19976,175843,1
61,91,1350784,19985,21750,1001,21750,4995,3486,30640,1
81,93,8058,5874,28808,27386,28808,24593,8024,161734,1
64,100,32854,5844,135382,16369,135382,10857,5877,146056,1
63,100,5828,37952,29421,22909,29421,11457,2404,172631,1
66,100,2921,18842,113158,26030,113158,25326,4963,195310,1
50,100,2002,24290,111404,5358,111404,9019,5871,150222,1
57,100,7156,10490,88666,19040,88666,21091,5732,178938,1
57,97,3548,88775,61008,7382,61008,16829,7647,154498,1
53,93,13870,39009,75029,11552,75029,14329,4930,163096,1
60,88,6395,35030,91786,9202,91786,15419,11645,139276,1
63,80,1915,14860,17269,8208,17269,10688,6266,174878,1
64,83,19420,23492,26644,11491,26644,9120,2106,145806,1
84,77,6906,7941,11801,11211,11801,32345,4243,148417,1
96,64,10462,51238,17845,5683,17845,36008,10610,146625,1
97,61,466642,36399,15229,10765,15229,25483,4639,168234,1
100,57,5795,45951,14760,19044,14760,21889,4076,137224,1
84,64,1298,10714,17032,12152,17032,4779,4755,157016,1
77,74,11715,22127,12868,21533,12868,10843,6657,157903,1
63,78,5311,43849,38126,10940,38126,8936,3818,159434,1
66,78,23443,11079,12189,5184,12189,9944,3271,170304,1
66,80,453138,17889,27762,31955,27762,11128,13287,184136,1
51,67,1008089,444299,18230,60959,18230,20078,19950,109490,1
51,67,96089,14582,10395,18171,10395,7058,2537,1378,1
51,67,1115903,32674,3090,31864,3090,12555,4745,3066,1
56,60,1154703,317774,36627,57053,36627,64115,41270,32845,1
50,63,386820,20891,22375,12945,22375,10357,6512,17729,1
50,53,868422,166579,54195,28444,54195,35184,22879,42056,1
57,57,448352,69540,18588,8848,18588,7728,5926,12842,1
63,60,438726,112674,20193,25592,20193,44879,18626,28713,1
57,53,333472,30181,18057,4312,18057,5988,10184,10156,1
63,51,63355,34340,9115,3791,9115,10118,4474,6195,1
64,48,88676,175745,35064,10243,35064,25929,9167,27379,1
77,50,72976,13158,26020,16260,26020,93067,20359,27613,1
80,50,329948,142369,59130,13451,59130,48622,14574,27888,1
77,63,6710,23332,134114,6437,134114,34261,13563,24258,1
90,63,401575,54758,23348,7034,23348,54144,15937,43550,1
81,64,17157,28042,12438,14592,12438,38430,23622,44973,1
77,78,14941,14696,77020,36171,77020,12903,13815,42397,1
78,75,9373,8379,13604,19676,13604,10752,7206,54149,1
66,83,5124,30124,19414,16143,19414,11700,8419,29100,1
56,93,6223,15976,42720,15008,42720,15052,10530,45087,1
74,78,7102,10495,10314,4685,10314,19855,18080,51397,1
63,66,32240,52769,8776,7136,8776,5617,22625,21943,1
61,61,11687,86180,26004,13409,26004,19597,6328,57198,1
48,51,40004,63618,7111,13399,7111,6857,11080,49303,1
61,56,16472,21752,5855,16714,5855,14015,7876,39171,1
74,60,40755,10506,5176,17129,5176,24284,8453,35820,1
61,53,30022,74018,15932,5141,15932,9231,20206,42988,1
66,60,40512,33206,32145,10301,32145,11679,14858,69087,1
67,57,16427,29904,9445,16741,9445,20118,5963,49228,1
63,54,6767,32052,8250,12777,8250,20540,6418,59742,1
75,64,10788,12087,18135,7177,18135,15164,8824,64931,1
81,63,31348,10809,38812,31505,38812,23382,5535,82158,1
80,61,70835,27851,16212,1745,16212,16811,10087,54825,1
70,48,796261,278158,23596,16116,23596,42228,55075,41965,1
70,54,589890,42770,9738,21040,9738,27466,13340,6408,1
66,41,34918,26698,5210,2628,5210,5974,11708,1253,1
63,43,342054,85522,27427,33273,27427,34684,44422,35746,1
64,43,130193,73656,4747,4507,4747,12643,7353,12951,1
53,37,127892,161506,11827,20267,11827,18536,16049,73920,1
54,41,5917,34900,13332,38735,13332,15082,8774,76100,1
51,53,14708,8527,32820,33454,32820,13884,10736,102832,1
50,69,113764,14885,19115,4424,19115,4201,1101,27085,1
67,78,4865,4798,15496,14057,15496,34069,6114,95149,1
70,84,2663,27167,53309,36563,53309,26900,7303,130504,1
66,75,12525,37214,56463,88909,56463,12139,5381,112511,1
50,74,69577,21489,7486,5408,7486,5036,2675,23783,1
40,74,11625,46479,69067,9707,69067,10828,7204,88400,1
34,83,3802,32295,79728,13955,79728,10578,4934,103362,1
44,75,15359,19423,7503,10154,7503,9955,8442,109265,1
57,75,3064,22687,7191,25747,7191,31289,3205,66908,1
70,69,4940,24538,16388,14655,16388,21841,4996,101689,1
77,54,170665,98774,8355,13607,8355,17528,10798,84729,1
54,60,7656,35359,13854,7741,13854,8132,7791,118429,1
50,61,5242,12266,2329,13361,2329,6982,2246,96866,1
50,60,5310,46866,2578,5401,2578,7259,7588,123429,1
57,51,13221,31440,2618,15730,2618,10211,1974,125628,1
61,50,6228,19309,2733,10032,2733,7484,3775,85603,1
61,53,30184,14321,16033,11051,16033,11835,4326,93152,1
69,63,11980,27494,20373,22810,20373,23270,8780,75976,1
70,70,23112,15641,39049,3753,39049,15686,6271,102852,1
78,75,9952,9360,8025,2031,8025,8717,3808,112350,1
81,66,7918,15061,5357,5063,5357,10778,6081,106167,1
83,63,17605,33161,3331,24468,3331,23307,6426,88271,1
80,64,7052,20069,16287,52792,16287,14708,5777,113949,1
63,63,2076471,171227,99871,18775,99871,42666,63893,33433,1
51,63,932417,22252,3609,7774,3609,3819,3374,4489,1
63,51,75033,9711,5304,1739,5304,12422,6596,16821,1
63,51,130492,46291,15003,15221,15003,4581,1176,1090,1
63,51,374229,6579,2170,1022,2170,883,532,2006,1
53,60,979507,98463,66383,32500,66383,10471,13934,30426,1
53,51,130159,110606,18724,4950,18724,23412,9434,67771,1
61,53,85246,38296,13459,25605,13459,19800,12691,41187,1
50,56,60492,25407,9243,29880,9243,13382,7203,40442,1
61,43,126288,113672,10891,5460,10891,26321,15315,49369,1
61,56,19627,14479,7792,43986,7792,12011,8247,26626,1
66,60,5384,11114,27674,13889,27674,21956,10443,37338,1
67,66,9771,20338,74558,23928,74558,29817,3923,36254,1
70,87,9953,5276,48255,13974,48255,20139,7349,26781,1
84,80,7200,18318,15563,3071,15563,32594,10670,36207,1
93,75,8562,10728,2295,26985,2295,41153,5783,46128,1
84,78,5581,21107,79010,10135,79010,9745,9185,40051,1
75,81,7412,27424,160846,7202,160846,16314,6006,37425,1
60,84,10921,59663,40782,12337,40782,15338,9802,26624,1
41,87,3529,116866,77807,13801,77807,24910,5225,21419,1
37,78,341644,25628,20694,4337,20694,2577,1137,9420,1
40,78,7260,12507,81667,6533,81667,14991,5546,45844,1
44,81,1730,15033,23026,5136,23026,9269,2721,28074,1
43,87,11299,13034,13196,10709,13196,4286,3772,43499,1
54,78,18440,24150,4339,5427,4339,6630,2919,42163,1
57,61,10057,18513,1007,3884,1007,5957,3129,28685,1
67,48,7222,12669,3359,8289,3359,8935,1771,36482,1
66,53,17973,19555,6887,9071,6887,4670,3228,37293,1
61,61,14477,19557,12540,6903,12540,5785,6050,54099,1
60,69,6877,14112,14115,19807,14115,7740,4564,28448,1
51,74,8458,10574,13824,3254,13824,3563,1997,36335,1
60,64,9926,20630,3602,7770,3602,12952,4055,42663,1
67,57,4967,22392,23092,11301,23092,23903,6321,33544,1
75,57,18053,41939,14532,18741,14532,29023,4897,49849,1
84,60,5246,34663,29135,24499,29135,31366,3553,29439,1
69,77,32343,6540,35796,12253,35796,3441,3597,38578,1
69,75,11825,7879,3020,3977,3020,6590,3897,45687,1
63,74,2870,17722,3674,7419,3674,5820,3531,29841,1
60,70,45503,18125,3669,14754,3669,9249,3096,50591,1
67,57,15750,26208,10472,6441,10472,7050,4597,40618,1
60,61,5210,20419,16567,6034,16567,6343,3941,38085,1
56,61,55039,41113,11435,12925,11435,8277,3361,38191,1
51,69,8367,27887,68267,20074,68267,16398,22133,38031,1
43,78,1395241,439589,350979,498144,350979,87286,252049,225581,1
37,69,492539,46325,8207,6362,8207,3453,2645,4370,1
47,75,263010,8900,9612,23805,9612,20652,5082,73426,1
56,61,5746,21099,6072,6047,6072,16819,2061,67104,1
61,53,3305,51484,15698,14686,15698,8772,1967,58378,1
63,70,11922,8045,77417,5173,77417,6569,1726,68794,1
54,69,2544,34209,26076,6412,26076,12424,2097,76523,1
38,81,20620,22287,43736,14151,43736,5747,1819,77372,1
30,96,22861,31291,135942,21484,135942,10647,1174,75858,1
35,80,15386,53988,12746,11123,12746,7141,1786,70735,1
24,91,12973,20178,113512,6702,113512,7966,1465,63564,1
26,80,22992,73387,13939,10615,13939,7909,1691,69845,1
34,69,23291,18784,21995,5155,21995,5273,669,77999,1
26,81,6175,20089,44192,8610,44192,3277,2872,74318,1
24,75,15561,27823,25241,10650,25241,3318,3508,61097,1
30,80,6230,10742,2115,10677,2115,4859,7111,75527,1
41,83,14910,2476,14646,4539,14646,7468,15748,80211,1
53,67,7513,20178,5045,1584,5045,4637,8311,63310,1
54,54,47266,37183,4634,3417,4634,2909,4204,71531,1
43,67,4118,21392,77327,29213,77327,6688,2894,56992,1
34,63,2677,24634,18039,16323,18039,5863,3870,67312,1
26,67,26945,74357,29914,5509,29914,9277,3783,67143,1
40,83,9972,9575,29978,8588,29978,13417,5439,74168,1
44,67,5073,19992,9188,3005,9188,3317,1381,74320,1
51,66,22865,9749,8827,1348,8827,3620,2080,73368,1
56,67,21471,18457,2714,16444,2714,6304,2412,67913,1
53,63,45683,13520,15550,1541,15550,5758,2723,79992,1
50,66,13491,26183,21717,5496,21717,3549,3588,70064,1
40,70,8627,19916,22485,6925,22485,3213,1045,72949,1
44,70,6785,9103,9298,3092,9298,6652,2204,76224,1
41,78,20061,6688,13237,12578,13237,4356,1542,71000,1
40,78,170013,55666,26742,23722,26742,4728,2905,69310,1
38,75,23495,47586,50932,9991,50932,5494,2793,62664,1
30,80,3689,14150,8478,17539,8478,5666,2606,65144,1
17,77,420925,33745,35068,4878,35068,1981,1142,63080,1
26,75,27245,19657,15231,7135,15231,5696,1482,67783,1
34,74,16991,16671,7616,4365,7616,2959,1463,71419,1
24,67,30486,37476,10608,9973,10608,3407,3147,75339,1
26,57,78439,69552,10672,13238,10672,3271,1549,77581,1
23,60,25163,22048,15370,10192,15370,4361,1707,67496,1
17,57,26294,30630,6056,9430,6056,2548,2141,63828,1
17,48,219207,62127,7628,1127,7628,4556,2223,62125,1
20,53,17119,46324,20008,4170,20008,2979,2730,71422,1
20,53,4874,19659,7478,13484,7478,3767,4295,60801,1
10,44,465239,125721,5097,17704,5097,2561,943,76226,1
34,57,7165,15065,4305,19306,4305,16823,686,73893,1
38,61,655,30627,30008,28317,30008,13477,2372,69106,1
61,78,3776,4591,40856,3915,40856,15268,1732,61007,1
61,74,10125,137772,34019,23603,34019,14127,2582,57088,1
54,78,6992,25059,38503,30772,38503,17751,1317,80292,1
47,83,9345,6851,31733,22811,31733,3722,2566,64070,1
34,84,20045,30208,57789,12598,57789,6959,2546,64991,1
23,81,4201,55574,6596,7171,6596,1611,1876,60522,1
16,78,39368,24450,10427,12773,10427,4146,1922,55538,1
16,69,7507,19769,3990,21241,3990,2599,1460,54340,1
16,61,38642,19093,4412,9183,4412,2106,943,80585,1
40,74,17057,9868,14618,9060,14618,10685,1228,58594,1
56,67,10963,7941,3421,7226,3421,14386,5889,71407,1
60,51,4171,40515,1552,1958,1552,3350,2093,82501,1
60,47,6338,19450,2393,4116,2393,1831,2098,71138,1
43,51,9210,18729,48056,5001,48056,3012,2858,55178,1
26,64,26383,2761,19380,31390,19380,6571,1486,73956,1
24,74,30515,33872,2015,7810,2015,2729,1093,70364,1
26,74,30162,32608,3222,10989,3222,4337,2255,73597,1
35,61,30261,41883,6078,12644,6078,7012,3376,87035,1
34,43,15168,38056,2241,6273,2241,3741,1690,66198,1
35,35,22698,64148,1700,4251,1700,6083,6275,65051,1
41,41,30601,12548,32781,4208,32781,9486,3626,62841,1
38,44,143476,70633,9960,20248,9960,5387,7112,12993,1
47,51,1259678,346946,34938,70355,34938,104387,48992,42665,1
34,47,1405919,49588,25589,22315,25589,6367,10386,10315,1
38,41,228567,69294,2902,8813,2902,7291,9256,10438,1
43,50,471812,39404,6475,46677,6475,34548,10984,20203,1
51,47,1863582,154622,34601,21994,34601,42125,23258,23785,1
61,51,565373,55515,53042,16029,53042,27530,24099,39522,1
64,66,90560,14217,22575,8681,22575,7084,5037,6059,1
63,66,585728,85947,55829,20363,55829,46425,8995,31238,1
57,67,343896,169271,24633,57394,24633,29590,23431,35507,1
57,67,241229,32257,35791,32585,35791,21017,15300,67334,1
61,60,9039,46231,9828,21388,9828,15955,8492,29090,1
56,64,32872,30159,61770,2900,61770,17676,18102,31296,1
69,61,23441,14603,8383,5767,8383,15561,14500,37507,1
80,57,31762,13361,15038,11481,15038,26624,10120,37979,1
80,57,1857714,1146162,86301,31957,86301,61881,15147,7454,1
80,57,25889,31595,11498,30628,11498,126385,12683,3407,1
80,57,590368,185965,43498,51420,43498,48209,9571,9996,1
75,64,726349,8551,4665,4479,4665,2343,2019,2242,1
66,64,208676,15469,10787,21900,10787,3619,1486,4303,1
54,70,473226,22895,15143,8135,15143,6123,7338,6806,1
44,77,444835,11647,9318,7846,9318,6345,5848,8979,1
51,78,291155,12202,35061,35628,35061,26188,12732,40852,1
53,66,545816,234806,31507,5699,31507,38039,9530,18203,1
50,75,16409,15220,109403,15848,109403,20525,9095,25835,1
54,70,15621,13441,20529,10846,20529,23561,14505,34434,1
74,63,8521,7495,12246,2221,12246,16194,7989,15587,1
84,64,10218,21720,32565,23337,32565,13685,7323,34662,1
81,63,17831,14964,649,18826,649,12579,5005,36917,1
80,66,5646,3876,1446,11055,1446,10515,28714,14094,1
74,69,135655,14540,5127,3371,5127,4688,1156,10025,1
64,57,37416,127829,31187,14506,31187,13130,5249,27336,1
67,57,651116,13162,2529,17400,2529,15818,13097,21601,1
57,63,171442,8186,9500,28133,9500,9291,3556,24481,1
61,66,11227,12491,10251,15456,10251,12839,4737,17722,1
61,67,24101,40623,5617,5692,5617,10960,11049,19245,1
66,63,6504,17197,21444,7996,21444,16481,12053,39265,1
61,67,6147,13037,26007,10380,26007,8681,6744,26901,1
61,66,16289,14453,18238,10971,18238,6719,10808,16856,1
57,66,29403,25080,10387,229,10387,5375,3126,31084,1
50,69,5191,14367,13692,16314,13692,5823,7196,17916,1
47,63,47180,33826,14446,6945,14446,6947,7195,38841,1
51,61,17249,14853,7068,11196,7068,10185,5989,34731,1
41,74,77898,39859,35831,22024,35831,4172,4835,34934,1
43,67,81281,60837,21607,17776,21607,14756,6058,36090,1
53,67,131133,18259,14917,13849,14917,18567,8836,24303,1
50,75,9077,7940,14019,43057,14019,11500,10202,57520,1
66,74,37026,13697,16871,15819,16871,53055,14342,27147,1
64,81,6433,5004,60855,14180,60855,25818,21482,45870,1
69,70,165065,90070,47865,25392,47865,48860,13139,43004,1
81,69,3545,21208,54436,8026,54436,16406,14174,32568,1
66,77,5924,28115,68049,8315,68049,19180,11272,34838,1
69,69,56663,4992,4054,5400,4054,7172,762,11119,1
75,75,2110,6679,19090,29923,19090,30489,21153,40975,1
78,74,10946,21153,31836,29959,31836,25142,18217,28312,1
66,75,14431,86116,126783,1791,126783,10044,5782,40920,1
44,78,10031,103303,76020,9629,76020,8588,11840,31526,1
44,78,1622,6086,21991,19103,21991,20672,10581,30028,1
50,77,10635,13737,1316,33592,1316,26521,6734,24463,1
57,81,5096,7647,45618,18971,45618,8461,4684,37847,1
69,84,11442,24483,97210,7323,97210,26085,10108,47152,1
63,83,7558,65821,78284,9542,78284,30525,3406,46111,1
57,81,3773,20116,19389,11203,19389,18340,7393,24040,1
54,69,5596,54420,28563,2281,28563,6926,4542,34153,1
57,63,21901,9072,9138,5007,9138,6970,7445,26804,1
53,60,2096,18934,15819,11856,15819,4506,4447,32417,1
48,50,11391,21292,1131,5255,1131,5616,3517,31842,1
47,51,12291,43264,10985,18529,10985,5098,2554,22146,1
43,47,3786,25252,4039,9476,4039,8935,5322,22797,1
51,51,11163,14008,6311,2559,6311,10259,5365,28210,1
61,47,28993,28222,7809,6063,7809,8348,5339,25354,1
60,54,22408,16256,19425,11522,19425,8511,2876,38667,1
69,54,16563,16818,7735,21068,7735,13551,4965,35561,1
57,67,8084,12554,18616,11919,18616,4702,5379,23379,1
51,81,6959,6572,15744,17739,15744,3905,4673,26887,1
54,81,8836,10034,18318,1785,18318,8478,2501,25639,1
54,77,6335,7437,2669,4922,2669,4589,3070,27738,1
48,63,11639,72999,10749,9567,10749,4227,2602,32631,1
44,54,9011,18283,16309,4025,16309,3268,5122,30534,1
43,50,81922,36341,16765,11548,16765,14349,8022,32704,1
34,60,10115,10776,9967,22823,9967,4116,3306,21152,1
41,67,14157,21975,8811,14847,8811,5051,3393,36116,1
35,78,52579,8884,40161,3773,40161,1763,4116,36301,1
34,84,16481,12805,13980,13731,13980,6786,3489,25905,1
38,77,9891,29357,13231,12871,13231,9669,3409,27522,1
38,66,119532,101302,6759,14489,6759,12483,1137,31593,1
53,50,181443,47679,6559,13194,6559,12708,2012,36229,1
38,50,103514,91263,112282,14524,112282,6902,5241,35757,1
41,44,1764,6746,3109,2778,3109,5924,4999,30547,1
41,54,6081,17655,22608,7498,22608,7254,3475,21106,1
53,43,11507,33502,2600,4636,2600,4472,3264,28382,1
61,54,9646,9604,8775,11565,8775,6083,1660,26159,1
50,57,13597,24563,13513,6381,13513,4140,2265,32952,1
51,54,9937,13648,1931,12656,1931,5171,2224,45510,1
44,60,9487,21915,3255,6479,3255,1951,3768,40250,1
41,56,17636,13612,5355,6680,5355,3201,5447,35785,1
44,61,23984,17075,3308,33378,3308,7749,2224,41667,1
40,64,38988,17661,4694,21165,4694,4202,4637,49187,1
47,64,14165,22840,2120,11605,2120,5078,2285,36281,1
41,56,8062,31017,5049,2842,5049,3001,3342,39665,1
37,44,19344,76843,12110,9028,12110,7127,5104,41086,1
29,48,474847,18023,6070,33168,6070,2991,2146,31967,1
20,48,31239,46402,2094,23425,2094,3289,2144,33006,1
13,54,30790,70569,18456,13249,18456,4046,2583,27775,1
26,60,16317,16236,3169,11957,3169,11159,1387,38844,1
30,60,11164,5216,9499,6346,9499,2023,3419,31942,1
53,57,16272,16377,9005,4747,9005,12777,2558,47303,1
69,56,18770,20702,6767,4483,6767,9011,2023,42154,1
54,51,84726,49114,8302,5389,8302,3907,1622,58831,1
63,50,40369,6685,13756,1396,13756,4807,2810,53035,1
43,37,42486,61121,670,3669,670,3228,2724,44713,1
34,26,15862,61767,831,4401,831,6629,2957,47874,1
37,44,181104,28587,123334,4339,123334,14503,1223,38781,1
20,47,44226,51163,44390,28812,44390,4192,2544,38858,1
23,64,14559,41540,38705,8581,38705,6372,3177,51805,1
23,90,14202,5415,23036,10357,23036,3304,3069,53281,1
23,88,5478,12468,9234,24758,9234,4979,4210,39296,1
37,78,9827,19198,719,7572,719,3800,2366,41782,1
44,75,84875,21971,15945,6001,15945,8688,2982,45243,1
50,66,12999,37444,31313,14346,31313,11020,2335,44820,1
48,67,12286,25509,103385,17876,103385,12420,5252,43228,1
43,66,4698,93034,13940,26497,13940,10723,3183,38757,1
38,70,1478,29928,35500,19121,35500,10967,2687,51347,1
40,77,6070,17978,41728,7133,41728,10317,3297,39542,1
44,70,17580,22614,24855,16284,24855,10928,4386,41645,1
60,78,16665,10468,17468,10517,17468,18416,1240,41881,1
70,77,4692,3708,10308,5787,10308,9107,15163,41621,1
67,74,5970,40797,30383,23003,30383,9229,2467,46970,1
66,66,4208,70015,21834,9951,21834,12865,1240,39365,1
56,70,1420,21281,80315,13508,80315,15908,3496,49862,1
34,57,4712,95546,10236,6449,10236,3647,4445,39418,1
40,54,14299,9078,14168,5066,14168,12568,3411,46504,1
66,64,4632,18523,68207,12235,68207,18903,1431,41570,1
75,67,2359,21740,14409,12999,14409,6973,1571,40716,1
63,67,19739,81365,45810,6687,45810,18947,3528,35559,1
48,70,17757,36913,28925,10155,28925,6305,2834,51428,1
43,74,12618,7702,29611,6936,29611,4754,4545,47325,1
44,67,2117,12734,524,7963,524,3908,8028,46831,1
40,64,15028,35353,7603,5078,7603,3321,3930,43945,1
37,64,1130,35035,15781,17098,15781,4233,1791,40371,1
34,64,14823,16640,25243,5746,25243,6052,5594,44765,1
35,69,30512,16340,7099,4909,7099,2454,2083,47376,1
50,69,14104,11702,10092,10703,10092,10936,7595,48925,1
43,69,30302,28803,28678,4658,28678,2122,4716,41868,1
44,64,5183,29145,10773,879,10773,3924,1966,51534,1
37,67,22460,14306,14365,15755,14365,5452,2687,38970,1
26,69,59372,23530,18992,16167,18992,3596,1874,42378,1
38,69,8125,12636,16399,6737,16399,4735,3329,53386,1
38,74,25675,14495,8406,13784,8406,3791,1066,50478,1
37,74,35920,12154,17161,10785,17161,3725,1836,50654,1
44,64,133001,17159,5261,5381,5261,4454,1128,50506,1
38,54,63015,47202,10992,7763,10992,4807,1782,61312,1
38,56,33883,13419,7778,6096,7778,2930,1528,55131,1
30,50,20594,45406,17426,15295,17426,3237,1632,56561,1
30,51,27887,22129,10897,7236,10897,7080,2451,51425,1
37,57,178773,21161,15803,12175,15803,5726,1667,52956,1
40,56,9084,15686,3808,5975,3808,3615,2045,40563,1
35,69,7158,10253,8440,4556,8440,1772,2272,49674,1
40,64,4799,11343,2502,5340,2502,3864,4736,56920,1
43,64,13950,16768,3777,7423,3777,5559,1849,55917,1
44,47,6447,50646,8786,1543,8786,3719,2674,53805,1
57,44,5714,6594,1083,9967,1083,5334,3768,55136,1
57,48,6606,7982,9748,1869,9748,3718,1827,49221,1
51,50,2851,34173,10029,7010,10029,4492,1527,45548,1
57,61,8756,5064,6042,7097,6042,2232,2077,48634,1
50,56,4869,23775,8204,2667,8204,4230,3096,60401,1
40,60,46264,31662,10024,37545,10024,4675,1235,69614,1
29,70,11867,11675,9729,39169,9729,2008,1218,54140,1
21,64,12341,52179,12275,9541,12275,3860,2653,59325,1
23,61,405667,31750,6663,4220,6663,5883,2730,69831,1
34,43,232213,630403,36351,56252,36351,137340,255820,92281,1
47,34,92361,24532,4689,14877,4689,6962,4548,3800,1
63,30,1157442,100385,35462,14302,35462,46870,16000,20268,1
67,38,805664,100579,53927,34779,53927,38412,24526,17528,1
74,41,870302,95898,7358,22895,7358,42244,22366,22339,1
77,38,899843,248147,75817,64355,75817,83884,49482,23674,1
74,50,40242,38834,69221,38614,69221,32335,21667,20143,1
78,41,604612,151485,25850,15036,25850,59756,11516,25764,1
61,54,57524,12237,10417,4298,10417,1577,3235,1562,1
63,57,414493,17921,13702,30504,13702,19201,13596,13783,1
56,50,362897,32032,7633,10844,7633,4792,6941,2309,1
56,64,1193010,23962,69392,16648,69392,40083,23291,22866,1
66,61,48868,21259,8034,12687,8034,6664,5005,3231,1
57,66,8604,23130,82178,5218,82178,14402,16164,21610,1
60,63,1612716,103660,31374,21175,31374,18074,34493,29485,1
50,50,142011,12512,2622,726,2622,1738,3178,2040,1
57,48,18498,31733,16565,27963,16565,35133,14886,12274,1
67,47,59613,27289,44382,38165,44382,41087,25582,18579,1
70,37,620144,249467,10894,14692,10894,49044,37077,29139,1
80,51,6573,13295,65143,25702,65143,26856,15702,20525,1
87,53,21907,7401,18310,15806,18310,34637,25816,22437,1
80,37,2192132,344784,18059,39790,18059,74683,58801,18540,1
81,50,1168691,136369,78635,9905,78635,45621,14459,19294,1
90,41,441816,40314,45465,7328,45465,53679,27682,10281,1
88,38,3091,23930,19317,15566,19317,42632,16951,12763,1
84,41,584427,160081,37045,15314,37045,28120,6786,8109,1
87,48,531106,21995,28192,14860,28192,16745,6256,24055,1
90,50,6945,9907,14495,24585,14495,40114,11317,13319,1
75,48,16424,51887,7531,14130,7531,10052,5532,9018,1
88,57,2922,10226,20578,4320,20578,19677,27222,20753,1
96,54,6802,6500,4896,12241,4896,16891,3614,20453,1
91,67,13436,16928,8311,13795,8311,9474,15197,24731,1
80,63,3695,35015,18085,4692,18085,10843,6375,16618,1
53,75,7219,17384,19435,39157,19435,3918,8090,15889,1
47,67,7436,26063,11179,11199,11179,4255,2926,11389,1
44,75,9311,15842,19970,19012,19970,7532,7601,14194,1
56,48,33402,21934,1720,1220,1720,4798,6319,13386,1
57,48,11016,14258,8823,6646,8823,12001,8436,24310,1
66,44,10377,19445,13424,3367,13424,8980,2580,18779,1
67,40,35197,32558,10635,16335,10635,8828,2671,15765,1
70,57,98791,7081,6241,6328,6241,6116,751,3138,1
57,40,112438,75466,2261,2763,2261,7371,7217,5241,1
57,40,457762,92456,7774,27354,7774,12670,8993,5566,1
57,40,1203036,107710,12896,8473,12896,3527,2048,1112,1
48,48,859080,187162,285416,23489,285416,42186,46900,43993,1
44,51,206966,64045,48029,18213,48029,12606,10837,6134,1
44,51,33941,35885,39983,64016,39983,45634,23607,17413,1
41,60,2405630,341921,9233,54013,9233,27889,13026,20352,1
54,56,74063,11228,6847,11529,6847,8301,2609,3709,1
64,56,22429,15051,44650,21322,44650,24805,11346,15796,1
60,53,94217,32557,11461,11219,11461,9647,1923,10271,1
61,60,361698,84843,41720,14842,41720,12460,5346,28990,1
56,47,52660,79164,10039,4440,10039,15662,5714,17962,1
43,44,10684,51257,50865,6425,50865,7171,4462,31497,1
44,51,14153,12903,19288,3959,19288,7930,6117,21731,1
57,48,20984,17782,6799,4634,6799,10942,5059,18658,1
64,63,17661,10594,14922,12713,14922,13888,8122,24379,1
75,66,14814,10952,8958,18533,8958,7539,8659,14121,1
80,54,32482,22531,4489,4901,4489,14766,2885,16058,1
75,63,9345,18344,13082,11870,13082,7876,7470,20833,1
87,54,2075,3713,6458,948,6458,12499,3176,26179,1
88,38,14553,27477,688,6486,688,9066,5778,24892,1
80,48,15968,9324,4258,11005,4258,4691,5556,12871,1
84,41,15404,19195,6800,5977,6800,11010,9182,17939,1
66,47,18028,19762,4692,11101,4692,6065,4503,13976,1
66,53,31590,19494,11524,6827,11524,8631,4442,19030,1
61,54,2819,15363,18548,4903,18548,4363,2654,14235,1
56,54,5373,28350,11674,6131,11674,9613,5441,15533,1
57,63,11856,14560,21120,28266,21120,12913,5304,13661,1
47,75,78298,69779,160486,4767,160486,13818,3885,15325,1
53,69,12017,20051,13075,10899,13075,11194,5611,16419,1
63,69,12220,15437,5908,12790,5908,24336,8529,15368,1
56,66,6415,70713,71973,6855,71973,13711,14892,21979,1
69,56,11146,13107,8668,4257,8668,5896,4015,27546,1
70,56,15206,17265,5623,11349,5623,10789,6353,15652,1
61,67,33284,6049,14525,24396,14525,10453,9379,19407,1
64,57,118405,25458,1727,9079,1727,3980,5903,27746,1
56,54,17585,26548,6008,12329,6008,8172,15452,21666,1
51,43,3652,18230,7394,3516,7394,4664,4287,21413,1
56,50,3240,21109,12438,12063,12438,9141,3088,15202,1
57,61,15840,14732,31965,18361,31965,11322,5948,12950,1
48,75,27605,7179,10657,38725,10657,3392,5550,10176,1
51,74,63277,21286,10049,1791,10049,8439,5464,13525,1
43,61,23913,65226,9164,4167,9164,5655,10063,27466,1
44,57,22745,4599,11232,12794,11232,5697,3622,22056,1
48,47,51052,23632,9817,8699,9817,3640,2877,16576,1
41,54,34548,16557,18410,5323,18410,4795,3493,8729,1
51,57,11101,31733,6650,4307,6650,8135,3132,21152,1
57,47,19312,22514,5341,3977,5341,13366,5042,21171,1
66,35,22833,44646,5204,22474,5204,14848,3340,14645,1
61,47,28235,35687,29741,29058,29741,10951,1237,19008,1
44,63,24223,13617,26038,9401,26038,3243,3642,24873,1
40,69,65816,11992,10476,6315,10476,2600,2023,23046,1
37,64,20324,23625,2983,4060,2983,4026,5006,22855,1
43,51,215760,35829,2769,7988,2769,11821,1114,20230,1
48,38,87486,53525,11557,11249,11557,9180,2742,26132,1
43,24,19405,164137,21789,14026,21789,10949,1826,22492,1
44,30,8625,19661,10730,2255,10730,4985,1659,26429,1
40,37,31684,20644,7388,5600,7388,5142,7771,19327,1
29,41,8707,25099,10848,7263,10848,1896,2700,23505,1
35,44,25946,31978,10546,4502,10546,3769,4201,24151,1
35,50,4010,20634,11877,13590,11877,6377,2221,28032,1
41,48,8496,5673,3622,2181,3622,3371,2913,31473,1
