568491,30447,25689,2799,5384,5295,2925,2061,0
67053,61106,48638,6352,31910,9533,4494,6442,0
53574,25885,19819,2146,3731,6453,6805,2731,0
841944,44488,19035,13747,6897,5288,5030,5075,0
11334,209122,17708,9909,2428,6402,2642,8163,0
59569,28351,23559,5837,1648,1702,984,812,0
34520,167711,6943,5657,31270,24431,4565,1832,0
509732,388444,154940,7547,17959,18438,5183,4364,0
865410,360171,77355,19692,25549,17281,8647,3231,0
29750,25337,34816,5763,12843,3010,5454,1592,0
16533,28458,47665,13594,8151,5721,4865,1648,0
17876,22101,55282,4104,8483,9992,3148,1488,0
18673,20994,6225,36045,4909,9119,13027,3780,0
23072,69836,8198,2457,3171,7118,5531,1503,0
29577,8878,20596,60728,10283,7515,3182,4031,0
307011,70979,2677,4148,4620,1765,1503,959,0
63352,24183,9664,15488,3620,12998,2595,5119,0
27946,12661,11097,8029,8096,13357,3247,6951,0
21746,27399,6627,17284,3869,5237,2141,2029,0
232261,24976,9104,2690,1392,1436,690,799,0
53359,29863,1345,677,1106,1666,810,807,0
38817,32268,17791,5506,5235,11899,4798,4881,0
71219,32445,36299,6476,2464,8739,4823,2311,0
491216,46077,6714,4427,2426,1806,670,1141,0
715777,1083173,19257,12794,21212,9198,2386,3381,0
74038,30296,6782,6920,2932,3129,1059,2011,0
214659,84985,49848,2632,5662,2243,3738,694,0
37027,21174,8670,14086,10659,9456,5457,5265,0
53854,13461,24107,50353,8007,10635,3964,3896,0
20693,32037,4602,5818,6507,8626,2694,2434,0
54570,13055,2135,12168,5230,13864,4256,1634,0
139090,117484,15965,22266,6525,5993,1448,1298,0
68318,11788,7019,2387,1371,637,645,97,0
22970,24422,47132,5696,6925,6796,2632,2957,0
29218,114774,65154,4139,8403,5377,3891,4068,0
16908,31067,15927,8560,3863,4834,3430,3819,0
1742693,202806,59738,22616,53816,15378,5845,15928,0
584178,143523,26209,11130,24927,20077,17845,8810,0
25415,32437,14760,17633,15895,13368,13218,3330,0
16029,58824,31311,9019,12745,12638,28634,5337,0
3270,15897,5155,9743,15623,38530,14835,15908,0
716959,119815,7466,2907,3135,3526,6295,1116,0
89737,16512,1659,2009,3874,3518,2326,2187,0
49535,30384,13856,7633,13092,13953,13067,8794,0
714483,37391,4125,13598,17127,19647,20529,10158,0
12647,15445,2290,8713,7632,11009,11548,7422,0
194378,18773,3651,3008,1868,4632,2310,1237,0
191519,74791,49568,11687,6838,14607,17098,6858,0
53583,41379,8784,1719,7319,6081,6576,3248,0
1635352,219317,86558,8402,18964,17103,13423,6825,0
25535,33091,41927,4682,3351,11506,7647,6871,0
1225181,584090,106008,34354,14795,11124,45475,19681,0
218295,114603,39009,7753,20022,11508,13177,8223,0
41763,9036,40709,11654,3486,14341,7490,6459,0
32566,26302,21819,3907,11491,2947,5644,5706,0
378912,57627,6375,9302,4199,3744,1386,680,0
1167491,155450,27414,22332,25918,10569,11255,16398,0
741148,239600,15422,17879,8526,6287,8755,9477,0
124705,20888,2521,4151,5978,2040,2530,3247,0
1387264,181353,53383,55741,23428,11354,14777,13559,0
751778,167944,8692,21126,11976,6251,6881,3872,0
1724467,1891021,364647,319448,190408,234786,62413,191076,0
242943,358188,65624,39185,47541,21851,11026,11913,0
98798,56171,2385,11438,11268,3238,5129,4370,0
113849,6955,13879,2036,9540,2743,2425,2462,0
841842,124221,33995,27052,34869,21170,9832,12825,0
1431821,2314552,245534,56926,42758,53384,37663,87946,0
649926,236149,63102,26052,22638,7813,11221,16494,0
660028,210097,34141,45361,16691,12592,7079,13655,0
119892,346663,1468,7039,10614,11454,23866,16590,0
1041681,36759,19006,35236,13076,9816,26065,19604,0
922222,195829,50006,71298,29013,13886,16886,9285,0
2273376,629974,395620,86668,163622,235347,75084,46105,0
788378,41698,24744,15540,14813,14714,13452,11315,0
727145,193577,22501,20449,14502,7638,6633,8518,0
572484,112260,66113,3215,11607,23099,25116,2208,0
152732,35618,11883,11177,2912,3707,7620,4992,0
793953,56218,15459,16006,18322,12181,7875,5993,0
644009,26878,17334,29535,28621,5424,9471,10469,0
968289,144784,5300,20609,48185,10588,17278,9373,0
227897,215084,65542,76174,14258,28079,29006,3229,0
158933,58442,28841,18330,18456,5167,8478,3725,0
83598,8064,10349,434,3246,528,715,1069,0
1304587,54416,6889,14213,25191,10531,7220,10966,0
344661,59511,12938,23748,6092,8308,9445,4404,0
1900587,479488,340446,133502,110787,52598,125407,83085,0
952450,1231232,174554,118385,78679,66712,97795,48664,0
1265179,183452,7275,38406,10467,5509,22893,17101,0
1168413,428377,373320,55856,65702,66499,77848,42301,0
818330,131120,17027,17103,23202,16856,19108,6385,0
1265461,287667,10928,14479,25879,32220,14222,17586,0
592166,167785,68610,75629,8073,9345,10755,11709,0
597796,32226,94328,9689,13194,8874,5421,5359,0
670480,134148,28412,23548,9870,5952,7082,4400,0
1642799,636168,18261,81274,65562,46066,34314,30146,0
1696140,281922,113735,66619,43122,61236,25751,46534,0
205290,46993,18454,2187,12978,7839,9205,1717,0
378397,30446,5345,4318,4129,4382,3509,2021,0
10184,39713,41861,4794,16900,32446,8874,19619,0
1607712,723227,14761,10595,19025,21869,37927,23742,0
1799622,26974,33913,55444,69590,17469,12774,19184,0
1030275,520647,67374,26764,70151,26261,101243,29554,0
367486,51860,11919,10890,1003,2885,4293,2339,0
211309,11655,473,28133,11340,3667,4454,3806,0
1408261,665755,340816,43268,86395,30782,51072,24229,0
397406,46561,49915,16450,11511,6952,12561,4834,0
1925210,405756,263439,31825,68152,60960,23420,31503,0
551659,342094,23185,15195,17674,14906,9485,4863,0
502652,175179,12332,22085,5638,11618,24756,10808,0
609154,265197,6481,4358,10846,4896,5288,6630,0
745834,105796,32451,19212,14657,16648,11477,10385,0
1232115,153052,36681,32540,22974,21655,13069,13144,0
775676,170944,19743,16945,4925,12989,22896,32968,0
655388,70829,32388,7766,4446,10217,13099,3706,0
970971,126431,18958,17021,13812,4425,9782,16086,0
441022,125909,13677,10946,9395,9669,12477,9966,0
428785,35376,11099,18459,11910,11891,10280,11766,0
1010501,89829,17896,14439,13123,16804,6393,7227,0
281668,158255,1414,14539,12005,8883,9341,2652,0
1451391,229488,37855,24173,34351,23584,30702,20598,0
1205806,146609,9031,8621,12172,8467,27470,5592,0
73476,19196,4282,2629,3147,2750,3876,1828,0
760654,266779,126298,18684,19650,37242,25933,29325,0
1340247,90473,49811,18321,5794,20125,9940,6338,0
1153033,158074,2858,18276,26107,12340,9560,11245,0
122065,16732,2471,6733,2157,2836,509,2178,0
259422,92607,13788,4425,5420,1389,3205,1619,0
176008,15760,1149,2278,922,4277,598,896,0
1767580,401411,46237,42485,43193,12283,18249,24616,0
947169,806865,87903,84535,51018,100817,124047,33908,0
2619081,293091,20640,39725,17084,9683,25155,10647,0
591830,21247,3289,2453,1712,2293,2770,3226,0
1606831,397327,91298,34878,56171,31935,28218,18972,0
3930935,290120,39894,38072,13188,7694,10719,16254,0
1640718,568074,41696,108219,64767,28603,35208,48786,0
115958,62275,1244,4036,2523,2473,2147,2701,0
915629,58918,25378,11388,3955,10067,7498,5636,0
1528468,562234,77626,44263,65601,29369,24887,13266,0
54862,13361,2399,1357,1882,7770,14379,6857,0
660294,2103302,22028,40039,54608,36491,21460,16523,0
805857,31205,15954,13990,27839,26384,25047,8727,0
336961,5371,1167,914,553,531,225,207,0
71201,38728,6739,10498,3965,4028,3102,2289,0
614250,203006,17125,18862,42953,11386,16360,5186,0
293174,240846,35258,18639,12078,18674,5524,10722,0
176032,123784,10391,11463,41170,16721,13062,17404,0
27075,6261,5370,9547,10470,24809,20506,21260,0
2025170,798938,169303,58632,35549,22761,35135,67428,0
1969303,112476,33718,78918,13859,12947,8201,19984,0
106442,28089,9179,8716,5411,1356,4982,2574,0
910575,246948,69694,96646,15567,19618,18737,19838,0
1298404,212748,63782,43437,107054,16507,22165,32205,0
807647,476725,45353,100829,38009,16200,12161,28166,0
54724,68054,17828,8838,14264,4479,4165,6570,0
1702322,247946,39440,86986,44143,15632,23167,29701,0
619653,189140,41067,20520,38703,5042,9086,11573,0
152606,55174,15686,29226,6000,2914,8127,5634,0
2029021,1401740,85621,384615,200832,78672,68958,110006,0
950982,2140776,110222,287295,233375,92297,119791,69247,0
130811,16045,3293,5048,1174,767,1511,1049,0
186044,40452,40508,23309,13314,4044,5339,13390,0
1455490,274669,167062,107981,87269,31930,64566,101422,0
118534,17461,61688,6749,14764,10385,4389,12352,0
1270124,168444,32097,31919,45520,54521,13362,9230,0
44051,60725,4231,9521,9748,5756,3803,2464,0
1380329,1142761,80517,133568,87246,132645,54732,101529,0
512533,97185,14097,11690,17807,13328,16073,8947,0
928706,110698,20447,11715,9068,13810,14276,16226,0
1062756,552925,244831,212716,31166,37058,58763,78580,0
1162845,158103,55174,79521,24639,9184,14182,8703,0
1108714,1261155,232294,70133,145243,47748,103159,63618,0
431523,32875,31779,5289,15257,12058,7894,6187,0
1335403,404495,60966,44205,38498,36134,38470,21000,0
791023,475183,84757,65798,36347,17783,19359,28842,0
1356036,256642,106497,40141,38570,27267,36055,31773,0
934513,552024,120283,46813,85753,58698,21699,26204,0
106565,88498,95077,21003,18341,9903,12106,13454,0
2054381,714933,291366,87803,35816,40990,59320,78205,0
135551,32096,14634,15208,11034,10702,9880,12133,0
1254350,188968,161794,41646,21439,62016,129769,38396,0
144149,21082,6513,12684,33989,8996,9250,5596,0
104135,101171,11781,474,3865,3581,3627,5431,0
65111,41935,6903,3990,4102,1990,5376,3062,0
1005922,226553,46789,29396,19379,15973,39413,13896,0
1849864,221866,5923,14157,13852,17043,28857,7706,0
29788,62949,11004,3623,5454,1763,5703,3432,0
777908,588713,44659,152740,104909,90039,66708,54536,0
30951,33495,6570,5367,3937,3085,1672,2241,0
1146143,520386,113829,66841,11604,51145,62207,23015,0
817790,83898,32672,5375,23313,9493,21465,11679,0
1858045,920817,17325,25804,16859,34872,74670,19851,0
1082035,132397,31692,35849,21012,16233,26425,11506,0
94087,47049,5158,4209,2051,2670,4658,2588,0
1046458,1036433,201405,170054,62233,50868,41049,44616,0
695577,573537,385780,82498,102119,53976,94399,69304,0
1537210,496852,38255,79079,39786,54220,46186,27532,0
381921,113880,16792,15564,6992,13366,7753,10130,0
108833,34952,10950,25073,14257,3529,6322,4461,0
1767280,298472,20766,24121,14334,18632,17099,8461,0
280970,37685,18884,7934,6134,3914,8292,1914,0
1851803,235467,72463,22522,24900,11957,20970,19977,0
125021,27936,30672,1471,2831,3290,2489,3327,0
1383494,114451,18998,20336,20354,13542,15192,11515,0
558462,97871,13745,32355,4916,12205,15699,11422,0
466174,163777,17228,21264,12558,8181,12372,12311,0
2461930,585227,817928,68922,27695,66919,69092,59956,0
1510238,55942,3322,2775,2496,1393,6780,2799,0
2016892,155357,20455,17220,32388,14841,30275,10927,0
1158377,113121,24958,12416,14494,11571,27247,5105,0
359811,94162,4625,46567,6404,23932,17726,22519,0
272849,28177,36731,8746,1563,3131,3265,2103,0
132736,35897,19293,3898,5484,3670,3556,2931,0
864325,1100242,51713,84219,98623,73311,88479,40033,0
1527780,110319,34511,34465,11670,17509,12571,9551,0
1708737,229383,8939,3153,37771,7586,23023,13863,0
1723968,76535,62505,18600,7177,13478,23326,15594,0
1704327,97424,8861,22082,19030,11130,16143,12008,0
911353,117582,10800,33842,7929,9371,9033,5940,0
68944,97856,1263,10182,2499,3937,3712,2382,0
118740,20224,8356,5357,1998,2047,3472,3880,0
1290179,169448,102062,37565,26868,31600,48697,12960,0
148853,104858,15091,16255,7603,6452,15248,2611,0
1674094,247267,72926,65684,33045,36773,33142,25113,0
2056763,312835,156830,37656,54275,41033,31221,13419,0
384785,86304,18105,13304,5381,11327,13062,7787,0
871877,95442,17755,5578,11919,8371,7157,4653,0
183795,61582,6717,7586,16394,54732,31353,29345,0
605936,233738,23488,46061,26797,42353,19828,20555,0
499503,6707,3125,503,3395,2165,1603,1618,0
410261,132412,11192,10031,6970,6848,4753,12973,0
246884,144009,14928,5271,9245,12943,11993,5349,0
798456,86888,69767,60113,30525,40889,41167,23095,0
209741,13724,1229,12961,5370,6561,3552,4911,1
443418,53321,9392,12808,3989,6354,4030,2506,1
133542,23649,5404,4969,3990,3692,5169,2195,1
642299,57329,12470,11396,8492,6499,4268,1958,1
231780,53265,45246,20923,9593,6511,6707,10785,1
329877,54080,57787,10976,6324,19752,8616,10079,1
143550,44851,26929,6079,5847,3320,2104,2565,1
1772415,238255,40715,44966,9008,23124,14138,8584,1
1209965,85174,13810,20379,24216,15225,26371,17239,1
105296,57340,27829,8470,9291,33059,11809,11311,1
418770,236839,37332,16546,42355,19550,11541,6366,1
117672,21328,4867,1400,5247,4391,2254,3162,1
59108,24553,94482,5499,7928,25898,10204,7510,1
69021,57421,65524,22763,2659,11211,9310,7504,1
14565,52402,43355,10881,9486,8940,6010,10155,1
785485,7657,9658,2921,4295,2966,1954,1587,1
43368,24917,9770,6179,1230,3460,2026,1805,1
213405,61786,8348,2833,8012,6053,2962,2499,1
296535,127234,11077,21293,36660,14885,8283,7026,1
1643047,42646,16870,8826,4963,2882,667,648,1
317884,34406,3620,24934,7459,2478,1427,617,1
790934,299651,17794,11993,8303,21912,3619,8173,1
206335,51410,7187,13452,2971,3888,2715,4163,1
22637,79986,44968,9840,20946,19301,6170,4428,1
50858,216483,53218,4781,15276,11455,6104,3578,1
16494,55586,41613,8832,3303,12282,5698,3839,1
117313,77501,36471,27268,12830,7933,3054,5336,1
54596,57039,8018,15220,6840,7274,4076,6237,1
166561,97371,54328,32857,4402,12355,3760,6498,1
209113,34485,9958,4708,11386,14927,3977,3062,1
1733665,142685,27086,18254,22857,18288,3986,5930,1
590468,38149,6968,11103,5417,5109,2088,1797,1
387108,79437,22971,4820,1959,4594,633,509,1
929145,45178,10045,29112,7437,7692,1396,969,1
1253216,691669,4696,62757,102280,77290,5783,7267,1
1491901,59184,187041,169007,126582,49690,27955,2716,1
1904725,14866,42989,43973,35228,40120,2517,722,1
598617,199303,33153,15724,11329,8540,2547,1349,1
1584088,193169,47534,21582,41411,15804,6936,3779,1
1153697,968108,160039,60463,26308,35323,18854,10692,1
776616,1238380,611196,352522,279579,146569,18409,19323,1
1291678,115078,21997,42489,7079,16606,2931,1257,1
782077,185363,54071,90703,10782,12012,11153,5576,1
783021,52584,11292,44765,9132,6567,3549,2038,1
807050,29843,3330,27474,7933,6707,1956,647,1
750445,317051,29470,22276,3037,4548,1667,1392,1
2817108,128524,39734,108130,25239,13533,3202,2686,1
80378,306076,25217,14069,23428,10125,1805,1425,1
483780,19660,12947,5351,6422,4834,1473,862,1
1640597,212387,60168,82828,67914,18005,5681,8243,1
731814,56986,19274,22226,32882,12526,4489,829,1
143477,56048,28014,21518,20486,9736,2001,2885,1
752747,90557,35900,5975,25949,31224,5826,2618,1
820255,104311,14537,29353,3658,13778,5622,2342,1
2650023,1487625,198121,361665,290871,404079,170644,90403,1
775320,292985,191053,103773,39818,11291,3531,4477,1
1761976,87368,15281,14849,14818,6390,4348,3026,1
733954,28572,5338,10791,5119,6048,1314,757,1
44363,38978,8304,11191,2679,1984,2009,241,1
566101,33556,31344,5394,16063,1961,2743,756,1
888321,100462,11253,183341,22748,9377,4221,2911,1
59635,30534,23172,12169,14732,4577,3553,726,1
76022,33264,3508,2689,3373,1821,371,806,1
612197,33156,17292,7901,5569,1592,342,373,1
628442,26168,5350,1610,1746,888,234,105,1
325620,42733,52073,7772,10340,7230,1623,1961,1
1152548,37789,12803,82973,3780,7341,2730,1962,1
174827,8810,1255,3280,2807,2907,343,198,1
990373,116166,93937,15858,45134,24392,7084,3897,1
225001,35559,22463,76308,15595,19061,2383,2171,1
776269,153110,23099,95731,24992,57931,4224,1814,1
616320,59163,13164,3584,14508,12552,883,341,1
1275485,51361,36665,25167,34103,7559,1923,1451,1
351626,53433,22098,7405,9786,4968,1137,776,1
885384,131455,2905,71097,21749,10804,3468,1335,1
494095,454233,40142,124797,37934,16124,4624,2571,1
495727,23268,30672,13885,12143,12587,1366,582,1
843381,144960,3451,43826,37736,11158,1124,2093,1
2162474,389483,215463,151083,42384,39172,8656,2088,1
616999,8948,5671,997,1168,1636,379,388,1
749148,164185,36315,39517,18003,12034,1345,1152,1
511194,229737,65216,73100,47563,24791,5046,2822,1
954948,138738,87794,48282,23682,16357,4202,2842,1
156218,156640,78037,47210,12393,5990,3476,1763,1
1127161,139357,25555,46392,36394,35283,8984,3982,1
207946,36247,13660,21140,8161,5237,809,251,1
66891,58881,6122,18721,15078,13217,1271,907,1
520910,56570,8829,25155,13951,3709,506,224,1
1541157,528417,36133,50459,25689,32784,5597,2883,1
390423,59469,6484,5229,7066,1185,533,744,1
84653,20050,13595,31488,11895,1907,1251,440,1
819055,629411,56463,47644,19334,8995,4097,2836,1
164143,12672,23176,4056,4786,6947,438,394,1
763383,41967,9304,5222,7375,7881,974,1214,1
212121,19026,294,2683,903,977,129,98,1
175459,21095,14222,19767,5877,2045,1689,567,1
322984,58104,16930,13191,21455,7507,2515,2928,1
63232,78942,143087,33240,5188,6663,2842,802,1
88204,110734,56050,18023,6890,4650,1634,1538,1
175985,46123,27008,37794,8581,5763,2248,1548,1
842257,225069,76384,78246,45573,17520,3530,3415,1
1644233,12665,14553,19675,5527,4379,692,404,1
468620,2383,4865,5061,4148,2173,3395,1897,1
90144,11109,3700,882,3304,507,221,127,1
844396,42205,15599,19295,18768,5809,1759,1149,1
265215,65281,3667,11641,5283,6236,2379,681,1
1258909,52347,4514,5343,14078,2556,1408,463,1
882032,23491,5625,14614,16354,3750,3181,601,1
614434,9312,6636,6963,6393,8993,1087,1288,1
1462066,228460,46616,97492,30978,60443,23933,7331,1
2417196,316626,40499,173438,120791,159475,10542,10617,1
333126,9150,3575,1615,2784,1683,268,214,1
2008931,76076,74521,157778,109394,196693,12749,3167,1
908658,283094,76192,131874,262941,88864,33809,25802,1
346441,31605,15555,3924,1087,2707,1852,1746,1
3154237,1212531,105979,547733,583342,1011505,812812,293954,1
1503852,42568,1209,4829,14640,9833,1562,414,1
1046678,8276,686,3337,1934,4736,234,205,1
2134732,552917,193120,202611,96906,71832,25019,3839,1
57897,5995,5989,1339,1909,3182,214,65,1
469685,79380,28234,3203,19884,28250,2446,1018,1
1073624,5197,1471,4903,6988,3766,906,106,1
183266,18660,5990,4273,19597,16372,1501,1973,1
1979988,100790,68527,34567,87183,98597,6699,2199,1
673978,324762,13057,28552,14332,14007,11486,5787,1
425981,96293,10948,10377,9839,5342,4185,791,1
624571,724299,243256,351129,132262,109907,103838,145021,1
1295762,176262,101388,23156,20886,23616,12221,3527,1
313729,387664,116867,217575,531757,212232,180385,113892,1
873665,1080225,347609,175535,270360,188655,108492,124425,1
575389,85345,49425,39422,15462,3800,1091,1029,1
673242,6457,6167,4726,1468,1225,140,85,1
93156,8888,2517,534,989,385,240,191,1
483548,175041,105872,31327,11177,7775,1558,1317,1
354485,503762,25599,16405,4540,5236,2544,739,1
820826,40369,35982,50880,12228,29036,2622,2245,1
271629,8515,50128,57664,5032,7357,1799,1037,1
213504,271230,25985,71962,131988,125884,56498,22048,1
726706,520303,160650,195088,133528,146204,114198,32880,1
96724,6307,2412,2398,2395,897,115,96,1
287138,92380,73148,11472,9951,6423,1622,1302,1
55336,105206,17146,27197,5731,8925,2111,1429,1
33819,197010,34669,10260,6369,3119,2269,981,1
56976,70629,5207,20447,11313,2761,815,571,1
131345,7065,3618,3382,3372,3111,711,383,1
57601,10812,28861,12692,5855,3349,1042,1082,1
73988,59661,33545,3928,2633,3199,1996,1639,1
16916,41623,38823,14228,3337,5051,1656,769,1
82180,23497,7957,6261,4791,3588,1022,1678,1
55198,43489,19960,9562,3984,9073,849,730,1
106914,2905,1471,1640,1398,404,744,216,1
33491,23419,13410,4360,10269,2597,1443,703,1
50422,11919,12575,6030,10118,4133,1826,1066,1
413237,55626,14694,1557,6441,6615,1528,2990,1
921526,424485,17825,17267,19301,12946,4997,2589,1
34179,66132,34298,8935,5407,3311,2068,3746,1
275774,119241,81123,100973,23444,37241,10768,11824,1
718560,395245,37049,56414,36945,21986,4542,444,1
655531,19763,5341,7174,5277,4720,372,311,1
1052689,175047,30438,22146,6710,3208,1432,652,1
752808,15361,16455,13143,3036,5285,1604,1101,1
554862,190240,17559,31275,4112,8228,4320,2676,1
173227,143068,50215,3052,7524,8155,4678,3529,1
899819,116780,15188,77149,30905,48144,6539,2352,1
480200,12141,2317,1870,918,521,184,89,1
500562,146744,9060,9042,7470,3884,3340,2346,1
143683,17532,6918,17711,7877,4880,3730,1393,1
175159,61202,11506,8261,6907,2097,4974,2640,1
123727,126441,77855,50874,16328,4979,4572,2776,1
971149,158845,12021,62299,22489,12884,6368,4482,1
79717,84405,11773,11323,13982,2142,3489,2193,1
78648,46393,12960,23157,17173,2257,3565,1246,1
70283,20045,11826,38466,13588,8235,3316,2107,1
9462,24448,1144,6154,5836,4016,3475,2701,1
23619,15652,32617,6446,8177,3964,3001,3286,1
74236,43769,9126,10106,6405,4277,3405,1682,1
94478,55790,14519,23924,5210,1790,1158,1767,1
32107,64522,14823,11931,14694,7602,4151,1205,1
82296,42977,51371,17041,5799,5748,2519,1511,1
29244,12171,56488,3233,5498,8931,3128,1833,1
502430,91368,23044,6800,5802,24688,7028,3093,2
382964,6880,5585,13950,2847,2500,541,376,2
1765297,78572,106480,39617,16925,3460,1219,929,2
2213138,179750,63218,44019,13502,28765,40454,40589,2
2343916,2010701,964656,235044,252078,546275,96103,36772,2
1720803,41892,5728,12499,5843,5756,1951,738,2
44047,17879,10982,2945,6293,3993,495,128,2
3465349,65437,16506,91618,35525,24225,7376,6335,2
734258,159747,12128,48372,19602,18107,4019,3021,2
643541,55135,32470,11928,6045,3905,2518,1727,2
871402,159711,31226,8364,4847,7910,29744,14826,2
199404,12091,4206,3774,3305,1245,626,312,2
1985751,365297,237885,85009,32589,9702,49734,10660,2
963499,387559,57539,62747,20805,22149,11263,5924,2
487650,24330,5419,3810,2142,1746,555,390,2
980515,49006,11915,81451,41599,19166,3670,1896,2
549438,58467,12670,55997,10014,16297,7578,6537,2
1016276,312657,63064,35817,29649,26639,4657,3926,2
554729,57560,33778,26431,8936,5823,3123,3064,2
1891990,33442,16011,3704,27763,21335,2094,1334,2
965876,36586,17873,19416,27451,13652,2833,1815,2
511426,51236,29268,12420,7336,3816,1697,3182,2
336592,19774,6746,3234,2338,1007,473,364,2
1511690,16178,6046,3675,926,1180,786,280,2
72918,24401,58851,39171,31645,11968,2084,1991,2
37448,11214,9577,128719,8720,9323,3958,3408,2
15600,12593,57539,121538,3721,11367,2721,3310,2
5395,26321,28107,28134,6794,26917,1457,3211,2
25131,35084,75874,114360,7556,7914,3998,1033,2
29947,53544,90819,49136,9134,41923,7217,1295,2
905256,155674,34819,21319,32694,15436,26881,26678,2
145878,103294,9038,2052,4566,4407,5052,1858,2
48919,61320,27433,8774,7113,3431,5144,4958,2
888352,159906,8963,27708,31583,15152,14907,4923,2
2228176,294487,47032,146376,19108,18135,19814,6877,2
788613,163297,5101,4077,9068,6356,4486,1803,2
224969,61860,33750,66541,50824,27589,23067,7190,2
491142,18603,3467,1839,1717,690,275,162,2
672390,51442,11361,3224,9452,8052,1056,400,2
269949,14802,10155,7327,2649,2510,1521,565,2
1515683,269580,58197,10087,28259,8906,7171,11774,2
166110,18888,864,12299,4430,1933,1955,953,2
918385,340949,62549,20830,28386,14185,5138,4304,2
560152,24709,6266,5079,1826,2785,729,625,2
491331,355693,109950,42472,35807,16908,9893,3371,2
473797,31696,8762,17686,11099,2651,4220,2020,2
92070,64821,9977,16286,12803,10493,2784,1676,2
423653,126777,46453,29195,9714,3337,4965,2441,2
1491949,50264,43874,36947,51092,16444,12933,9325,2
851173,176661,20674,42099,15813,27544,17852,28025,2
186165,91277,28215,5453,7460,12219,6900,28179,2
58169,77677,5655,4618,5628,5994,881,367,2
803502,143719,25249,22451,23359,25883,36210,15912,2
1181529,146840,39165,22892,8696,8815,4850,2523,2
108545,9056,1630,4375,1024,1357,1117,1524,2
1268147,712720,59697,15838,75432,40225,33365,13343,2
1187764,102985,79937,46971,28868,22504,21473,15086,2
1197583,228670,64285,44237,38596,5833,5685,6106,2
1317881,347839,73876,29360,23675,11386,5802,7205,2
1866836,118265,25157,17006,3567,6743,9091,3786,2
652829,49907,15650,26631,44711,15443,9504,11540,2
135669,16360,16227,14212,3377,1494,1350,1691,2
1090888,125427,87578,37545,22185,16953,13552,9063,2
244092,154628,23777,43305,28467,8415,5607,10026,2
2051225,38203,51716,34799,52841,37290,12742,2469,2
1856429,169668,9687,19379,26586,12028,5851,1520,2
834926,12813,5097,4601,2524,2268,836,579,2
205979,15833,3654,13938,1912,1856,3246,949,2
1141311,10329,17770,11097,11570,11303,3511,4955,2
559382,265217,71237,30965,17880,54936,30470,43219,2
987163,37437,7699,8253,14455,1938,4287,4125,2
1015448,420622,47565,40781,103359,53385,51777,70483,2
144139,22907,20806,3972,11621,11329,13281,11730,2
1178030,36341,8842,1050,6467,3512,4413,3820,2
1020425,69894,13882,44858,43528,20557,29112,15824,2
1485012,85798,92311,41470,16661,30955,17538,23499,2
2375854,42851,13555,12922,7089,3983,1469,942,2
2624518,953750,116490,179687,57918,52183,20703,14376,2
1157132,22117,33071,29683,3210,8877,3147,2011,2
199372,12035,1701,4527,1508,1071,654,737,2
111955,142242,8995,89704,20979,17619,35562,19515,2
1247564,370914,54957,29165,17148,34771,11012,13437,2
120980,12650,6137,2173,1493,1069,726,1150,2
2902644,497600,69780,37752,47680,22707,14837,3384,2
324916,39009,25915,5127,5326,6079,3104,4829,2
161594,12449,7133,3363,1226,1014,1326,1016,2
2086140,25296,45876,33049,14112,7437,3125,3198,2
675434,149762,31188,3556,19134,19312,8788,9400,2
1744687,77976,11466,15534,8653,39838,5028,16668,2
1949288,28658,20925,43068,13840,11445,7593,7816,2
349502,164758,14006,21022,7706,7271,6786,9361,2
381317,21322,14044,21488,1578,10276,1230,2786,2
1259162,129852,44457,34806,16883,13135,3776,4617,2
1908594,88228,46414,39748,6474,15333,9855,15959,2
2277245,212279,80210,95119,24973,23660,22872,8483,2
124739,56662,17237,5480,10034,15254,6548,4901,2
1417868,220324,102945,66266,37274,23323,24817,79294,2
1501987,96933,57505,11508,33719,19195,17084,29231,2
236352,34066,3954,5996,4353,4097,1812,3265,2
201990,95378,19855,25213,11324,11256,15118,6700,2
131019,94218,151229,24415,26876,7236,10212,3942,2
830563,425255,25077,41129,23924,15757,26331,9691,2
553323,43269,71179,27928,44601,16119,15851,9658,2
1997209,115400,147673,364965,164268,105540,48729,50263,2
131263,27823,26345,1342,7673,4226,3523,2168,2
498371,91881,47712,13185,10418,17666,8461,7848,2
174383,43622,47939,54533,4744,6421,5879,2405,2
10757,58746,12476,44898,4235,18671,3682,1571,2
6822,216383,39097,22963,12747,10926,7483,2439,2
58543,24287,130080,52128,15751,44788,4472,1121,2
18434,10513,17344,38176,10013,12088,3105,946,2
11899,11670,123102,42148,15787,27967,3877,2690,2
1656,63104,19428,19213,4184,12662,4149,2992,2
21152,25948,22630,42358,6964,13991,972,1264,2
37155,52048,44351,38172,4659,6524,1753,917,2
516963,101388,12973,1646,3782,5677,625,811,2
159037,78546,18369,1579,1293,2137,544,182,2
127251,58143,44160,16830,10501,26765,3717,1867,2
112251,35223,90270,2460,1101,5407,2838,1439,2
17360,78380,34447,13493,20993,12978,6028,4753,2
42097,119411,10569,25965,5996,5753,14620,11919,2
4467,201459,38832,35061,4896,10688,2026,4508,2
5198,128720,43567,5379,10675,6197,4013,2320,2
279319,100046,8757,68358,11777,32371,2072,2159,2
14447,181579,26698,26837,9115,9501,3623,3096,2
4602,44032,4247,8455,8383,11741,4851,2484,2
15720,21842,75036,17533,10007,13706,2850,1135,2
14719,5594,64643,4662,4182,26716,3048,1513,2
3199,25452,75069,28509,19780,9518,1027,844,2
27222,22916,221698,53281,9210,5618,1252,1029,2
2662,50413,68019,30200,5995,27146,1161,1388,2
801754,5417,7833,2566,2506,1792,240,115,2
173905,73824,39115,8823,16311,5980,4878,1257,2
536391,36283,48130,7301,6281,9698,7059,2072,2
274181,106634,27514,22993,10103,10082,5150,2476,2
351660,238140,58843,57371,24534,9532,2338,2529,2
569367,77272,42289,35438,19015,7901,2756,2317,2
156270,18952,22163,11299,4922,3953,1356,903,2
15190,10044,110847,23907,8082,16862,2363,571,2
9017,28295,78749,68373,2115,15298,2629,2310,2
18607,50176,19103,93398,16995,8151,1997,955,2
12726,7305,49524,46923,11103,6354,1328,816,2
5900,26415,54564,128481,14799,6348,4275,746,2
27251,21911,123691,27874,7603,6704,3864,3213,2
6143,8580,34563,110701,16616,15755,2861,841,2
8406,15845,11864,128653,3850,13833,4484,1217,2
23176,31197,64810,23448,19150,6113,1588,806,2
6793,21221,140772,41979,7335,19364,3158,1007,2
9300,5230,28175,48259,3617,11637,3063,1781,2
4530,12119,66309,80091,10806,20075,3658,2162,2
4517,19003,146155,27910,10159,12339,4018,1709,2
96961,65040,54344,95367,26746,22800,1338,2575,2
4283,10086,29180,15728,15504,16255,885,687,2
3424,35033,33621,97317,7463,12630,2076,2497,2
526523,90084,199014,39220,5484,12008,3740,1916,2
4520,7530,62157,7269,16982,20408,1467,687,2
2466,20090,73973,13074,11317,10967,3820,1565,2
2117,66714,106499,21261,8905,6354,2533,1303,2
518680,17411,121510,40577,14727,23139,984,822,2
12103,15346,143989,14695,11682,9360,1420,808,2
12773,78197,45980,23588,14176,7297,1133,957,2
11959,210956,107297,19838,10934,12212,2351,1324,2
7600,29200,41408,2446,5973,14317,2064,993,2
9698,97735,55247,14898,21218,4456,3560,979,2
10927,71585,90059,15504,12942,11640,1683,903,2
1631,10920,109484,14502,7981,12468,1912,1689,2
8101,20363,61903,85291,10996,13189,2503,1288,2
12105,17520,68332,26741,11847,13719,2792,1097,2
5598,8374,126321,105610,7023,7587,2030,1011,2
19355,19169,68360,12372,6372,11271,1911,1142,2
7203,11385,61463,36561,10431,21168,1841,1808,2
888,33022,79605,33876,4865,6495,3348,1719,2
2052,23237,48605,14567,5245,32150,1721,1973,2
5452,51947,32543,56651,5355,7501,1406,2772,2
23201,31288,42672,66531,9590,3135,1475,970,2
1313376,704822,21670,8715,5577,3225,3347,587,2
72811,131331,30655,58060,15980,23168,2063,482,2
1099002,164921,17123,28815,13456,15940,2213,3859,2
17349,70832,122063,6764,26792,35596,3521,1777,2
115179,6698,5686,12441,3590,2876,2571,2280,2
18523,21323,55802,10359,27681,6926,1355,2293,2
4868,11692,13275,16076,5607,38402,2286,1702,2
4335,21004,98500,11356,5387,21414,2691,1421,2
4087,28780,32560,45880,17053,11527,1663,1362,2
3340,61301,181908,10517,10198,8286,2227,3200,2
4942,14424,23098,20892,5292,5328,2484,1458,2
6910,26737,55876,28689,8285,11001,1897,1615,2
8203,47074,90019,13335,19425,11026,1310,2596,2
10519,28841,38822,37030,4970,5463,820,1201,2
8239,12725,53194,18945,9041,6220,2412,1593,2
7324,30944,24096,7075,16133,6723,1982,1490,2
7062,26769,39025,37324,7856,9886,1512,1919,2
10340,10829,18945,20482,11883,8549,1463,1446,2
5753,21397,25803,52669,4925,16640,1556,1152,2
3343,73141,2063,25221,12276,4789,1980,1674,2
9569,88069,54434,23534,6963,4933,881,944,2
5573,21543,26154,77336,7824,9390,3554,1250,2
7596,11003,28015,24414,10960,9048,1907,1709,2
8869,9289,31534,35241,23826,5743,1561,1131,2
540119,58895,94934,16988,14008,14837,2429,873,2
3801,32572,72437,20780,14365,13509,747,932,2
17205,12418,20599,49472,14038,11212,4405,1938,2
11356,13469,126983,24099,2923,8761,1365,1459,2
11372,29696,31878,13484,6196,13748,1918,1375,2
5751,25414,26116,5323,5935,6077,688,1020,2
18734,7853,28604,65437,4356,14629,1293,1892,2
9187,18640,47692,18043,4389,4625,1886,3499,2
3432,14417,59708,18806,6211,5718,1709,1121,2
10835,13085,85765,29714,9956,23323,1704,1486,2
3074,40141,59240,55840,17356,3279,2915,3630,2
8478,9286,39581,38010,2949,13737,2156,673,2
18073,18736,34421,18482,18892,13144,2165,1584,2
2385,39676,70685,30489,7440,8588,993,1090,2
15195,24592,167976,21215,5797,5980,1790,1430,2
3316,13356,14626,8123,7410,8729,758,892,2
11397,32718,69506,52090,7596,8944,1499,819,2
2743,42194,17763,24547,14967,11582,1700,2351,2
5945,57629,137546,19856,9964,7309,3216,2256,2
18351,4146,96782,45161,7889,3975,1747,1327,2
12488,30762,47482,6766,7723,8916,2005,1307,2
11516,17456,7267,40000,10140,7025,1690,1737,2
1765,19787,27107,19150,6811,10773,1478,2882,2
3585,106713,54515,10997,4029,6219,1216,1347,2
8380,42120,8046,7854,7110,8104,1107,1616,2
3244,24206,99440,5364,10961,6674,914,794,2
6099,36511,88502,6971,7520,7942,1660,1502,2
4231,18297,76768,14858,10158,5991,3707,788,2
12107,26220,45790,22829,4442,11203,1049,1090,2
7910,124497,14403,78297,9704,10081,1469,1591,2
3435,16426,99960,15756,9604,4735,2681,1376,2
12831,81830,100133,11681,9101,9070,1191,1200,2
3511,47459,99246,10220,20697,7271,2428,1332,2
7497,52912,38745,17457,9119,2873,1368,1390,2
3283,46275,28159,16717,12159,4574,2213,795,2
16523,18624,15534,15486,5815,2642,2018,758,2
12620,29995,58238,20254,5332,5358,1055,931,2
7695,51605,60273,3922,4363,12032,1153,2558,2
7282,31908,5465,9007,6696,4951,2658,1594,2
14050,14886,19785,3244,6303,4929,2016,1067,2
10862,9882,11320,17301,14243,3104,2230,877,2
10348,19863,26636,14136,3956,19160,2083,527,2
15600,36441,13566,25184,12842,14061,1557,1361,2
3966,7828,61260,7556,11460,5498,1925,655,2
4036,14314,82243,23421,6338,7408,1459,3481,2
2669,10901,12533,15776,6309,7480,2849,1205,2
7581,7802,36923,20971,6906,6902,1451,659,2
14535,9300,73089,11292,2927,10548,1852,659,2
12447,23778,13051,7399,6649,9165,1450,1625,2
19669,38440,2828,14537,13439,5299,632,1788,2
15456,23597,10998,17514,7737,2243,1727,775,2
6126,48919,36664,6811,4635,3871,3114,903,2
17954,27150,20197,6683,5021,4433,766,873,2
18762,46664,19009,8428,4029,4808,2017,360,2
1033,17964,36976,25721,18588,5209,745,913,2
3996,39326,3937,22073,11109,8320,1983,803,2
24395,63341,9328,15892,1187,5358,675,864,2
4135,35608,13092,9450,10778,4707,2035,991,2
5972,43228,6183,7488,8099,3560,1237,1476,2
9854,15469,29580,23960,9288,4784,3396,1013,2
10256,54754,7147,1058,2319,3817,1505,1112,2
46697,20697,9207,10295,13833,4487,1244,841,2
6014,13602,9417,6528,7078,6048,1573,577,2
7535,26827,727,14479,6816,3806,2754,1158,2
8347,14359,4896,8543,5233,3315,1518,1819,2
49380,38528,33486,1929,6189,2183,1435,1498,2
4607,29053,21695,7668,8055,2370,2149,517,2
10740,12655,1905,8179,4300,7294,1599,1053,2
13709,58070,21671,7518,6172,2772,2265,1016,2
353743,49634,19964,15222,5448,4617,1690,1914,2
277436,120156,43915,16342,24751,15567,6000,5082,2
7343,16870,15118,2253,3328,3680,1078,1436,2
49657,42952,4409,10193,5908,3266,1489,393,2
22945,37364,14990,1908,4449,2869,2662,1706,2
6239,20183,49853,18924,8620,4940,2546,2459,2
12513,32741,5694,4344,4917,5761,1310,1371,2
7819,14795,12565,10477,4324,6982,1424,806,2
26528,65852,12084,23540,18532,3846,3060,1326,2
78618,47666,4259,8579,4832,8803,2044,1580,2
9404,53544,3065,11759,6250,3409,1458,1080,2
4854,10836,1931,5752,3623,3246,1880,925,2
9114,19477,3043,3636,8923,6522,1757,890,2
2328,10228,15039,4737,4806,2366,1685,1285,2
8313,25269,2352,4275,3915,5340,1466,663,2
3956,25437,12542,6298,7976,10620,1196,776,2
12500,33999,3335,24463,7522,2434,1369,743,2
14179,33135,8574,29927,2683,3262,1938,1417,2
5330,14075,100632,8320,5364,5542,2379,1864,2
6349,15598,47914,18539,6338,6647,1331,2170,2
1589,39777,52472,8947,8703,4544,1546,1420,2
2567,18330,20949,18909,1683,3452,1730,1162,2
7427,38951,33293,1197,8701,8066,3516,1142,2
6518,30046,2622,7390,5643,7099,907,1336,2
2580,10334,11402,2413,6212,2089,1976,1737,2
16103,12438,16782,4492,2609,4290,2316,843,2
3331,17062,15890,8991,6847,1504,1720,1989,2
5009,12040,13928,6465,5942,2306,1148,1902,2
6989,44219,14635,4162,4261,2131,1942,1040,2
4077,10097,1763,633,2376,4864,1221,1358,2
11152,20759,19665,5048,7797,3356,1334,1312,2
19007,7513,5594,8004,6497,4854,2758,1768,2
14732,6611,6633,3829,4452,5480,1343,1522,2
9469,5800,10761,4539,5866,2667,2270,654,2
22413,23730,19307,3387,7994,3942,1699,1171,2
9655,12335,10901,3231,4874,7198,2063,691,2
19798,6543,3284,5840,4538,3050,2743,1746,2
6287,17737,3785,1575,10338,2836,1737,970,2
14952,31082,21263,5880,8172,2896,1615,812,2
27122,31110,20341,1612,4448,4572,2877,1239,2
12237,34391,10050,7731,8930,3493,1469,1787,2
2185,19254,1045,7583,3953,2414,2140,574,2
7466,24310,4904,9172,4480,6894,1145,931,2
48883,41666,16866,4842,13708,12131,1364,440,2
9630,20093,42549,2971,6663,8545,1359,1494,2
9004,8938,7521,3433,4073,4927,1495,728,2
10049,15933,8577,5870,4656,3359,2396,1664,2
35179,20476,15107,2339,9015,4551,1212,1197,2
79721,23472,28755,16038,8240,7184,2124,3255,2
28964,52952,24146,7545,9330,7646,2087,2457,2
18908,44537,10653,4632,8245,4735,938,1437,2
29908,29468,1966,3129,5765,3844,1512,1061,2
25895,53248,47548,22807,3916,9515,1048,763,2
11794,26036,7702,12546,5381,6940,1538,975,2
16890,15490,5797,7534,5399,5696,1124,1325,2
37906,21960,10471,14749,3898,4390,1092,2233,2
51217,50613,16185,4677,5018,3795,1761,1053,2
69506,24161,10279,6647,4157,6443,1359,537,2
15749,16826,17709,10172,1841,7114,1628,969,2
16288,14042,7945,13927,7657,3518,2610,412,2
7173,27116,5193,4010,9505,9611,2403,1094,2
5635,16714,4353,3858,10627,5386,2518,1199,2
26690,4627,10398,3787,39220,13097,1380,1585,2
18375,32433,2654,5592,8041,5532,1751,885,2
29309,31739,6184,5597,6677,3543,1306,920,2
15235,36577,4010,9448,10020,3687,1299,753,2
22295,50509,7334,2427,5885,7712,3748,949,2
39821,20643,13652,5987,6256,4347,3052,1170,2
8162,19463,13571,8418,9548,9813,1415,2605,2
7773,19827,19384,10076,2515,5910,1212,518,2
12278,25966,3766,5637,6933,5357,1840,503,2
18472,40121,23761,3755,31957,3170,1770,1901,2
11045,37520,17130,3639,4829,5312,815,950,2
32020,15991,9190,7107,3044,4065,1370,1060,2
20613,19741,14157,9532,2794,4164,2136,716,2
34932,19241,13458,9300,1846,3307,3140,827,2
13136,12119,2377,19619,4986,2315,1728,414,2
52954,24920,5611,10353,7594,4283,1781,978,2
10537,27918,2536,715,14628,5578,2006,625,2
57236,124218,6822,13880,1883,3482,2585,1554,2
46538,17226,19006,1307,2981,5960,1697,1588,2
7224,55031,14903,10805,7062,5099,655,1120,2
10897,49504,7672,9060,9841,6033,2185,1452,2
20074,40774,31215,15491,18877,4902,1990,985,2
10753,21650,1883,11369,17653,5005,2089,1429,2
22321,41096,27303,13854,13318,4003,3819,946,2
586001,51850,17291,24355,22804,19116,5116,4917,2
27548,14236,23380,4401,7223,5877,1272,941,2
3198,14444,26200,6787,12125,4217,2384,629,2
32857,5323,14941,17482,9802,5797,2413,1687,2
21770,11484,6385,7132,13061,4228,4196,1322,2
36039,21339,4275,10117,9635,7939,1920,1099,2
3132,18877,1206,5537,5035,2568,2904,675,2
27964,17897,24215,7033,3335,7729,2327,661,2
7534,24248,34267,3018,7182,3657,2184,412,2
22427,23508,6047,2179,6111,6761,2498,1310,2
4838,22749,19931,12066,6835,5884,2257,4872,2
29817,33570,903,4430,3939,5303,1189,1200,2
16836,8917,3176,7946,4853,2971,2066,1725,2
12267,46629,3595,5713,7903,3785,1906,2521,2
14743,20357,6330,3163,14969,3705,2194,1069,2
18782,22291,1902,6075,16496,3407,3769,868,2
125601,4314,8873,2612,10152,5136,2239,992,2
28062,14190,6218,6384,8749,6829,2042,1033,2
15993,59188,4263,29646,19094,5101,4339,1474,2
17899,27275,4546,21565,13053,3985,1269,1181,2
12564,28021,7086,7931,7238,7479,2060,410,2
21009,53856,26497,65913,45376,2391,1866,1122,2
10486,28155,2937,8500,9653,1469,2614,787,2
55856,21978,3702,13910,18377,2694,1983,2109,2
12819,43921,13392,14428,15245,11471,1266,1777,2
105953,35522,7530,7132,13405,5580,1058,940,2
38919,8853,13152,4524,8505,3917,1100,1419,2
22460,18667,1119,6036,12979,9271,2208,1279,2
9469,53892,13045,61912,14846,3531,4109,915,2
18180,4334,2579,26147,6650,5504,1445,3286,2
42479,18308,12964,5226,15194,4711,1537,985,2
17362,9787,7699,5760,6706,3686,2066,1201,2
15974,31176,15581,7043,5662,4743,3255,2676,2
26493,30527,6848,11667,7439,4986,1658,1593,2
15674,40145,10123,4582,5570,2662,2144,2372,2
23214,20388,12480,14769,15639,11286,899,1449,2
34724,41162,17038,4750,11884,6674,2069,1682,2
25846,39738,14026,19488,9449,7898,2208,1243,2
75062,66404,2867,16242,3433,9735,2233,1466,2
18238,55460,15556,81793,65591,10280,862,604,2
62209,19345,6785,92391,19082,5707,1237,670,2
79773,41303,6711,11832,8098,5784,1736,943,2
80508,52488,15218,17638,8179,6803,3179,1191,2
4271,22220,2172,17036,5132,5631,1414,1318,2
9084,10961,6773,25107,6950,7264,2429,1788,2
6291,18624,11669,5477,12921,8474,1864,1133,2
38141,18903,10840,11064,6539,6370,3329,976,2
6123,10994,20303,3644,9467,3726,2637,1071,2
25912,54197,16887,8516,15820,10411,1027,1280,2
8703,34772,8294,35276,3712,9684,819,1023,2
12139,12964,5808,10505,7247,7704,1439,1208,2
117699,31928,29491,21112,35243,13069,2071,1752,2
721563,189967,13974,43202,34671,8947,5362,2880,2
6515,23821,23034,14610,6895,13942,926,886,2
30132,56147,2766,8154,3788,4657,2476,2447,2
48043,27046,14319,45158,7654,5605,1365,1461,2
4146,25767,15400,101097,45382,6679,1590,1116,2
5729,41428,15360,62862,23035,5748,562,770,2
52775,24200,5575,10184,27776,6122,1585,781,2
17893,55461,1756,6966,6511,7892,1885,1328,2
95574,16351,6405,6378,2112,2766,649,225,2
195156,47729,14746,34690,11893,5285,2956,4392,2
27680,12799,5518,5194,9593,4652,1611,4542,2
19380,11415,17318,8463,3924,2821,1531,1137,2
32097,36417,6969,6100,11638,5289,2932,1946,2
76492,116737,27093,24110,11631,4363,1134,753,2
40157,23768,18608,9987,31891,12045,2666,727,2
36713,20508,18556,8712,14128,4708,1766,674,2
44010,42707,9526,42322,18655,4024,1820,1680,2
9241,44504,8726,21468,4700,4675,4835,818,2
3829,33117,27102,22059,5876,6076,2373,1052,2
47678,42986,10881,5902,7102,5106,1115,963,2
33022,61493,30893,23336,14372,7905,1319,1077,2
7967,8221,26890,20063,29137,8516,836,501,2
18423,38897,83185,26464,7244,6393,1062,940,2
28878,26456,10001,36485,15931,4949,1217,666,2
45657,23089,7616,31528,16508,6544,1369,789,2
55359,56798,6831,4152,7331,7591,2761,1433,2
9499,17618,9592,10287,3852,5782,2869,558,2
19366,27351,50817,36489,18602,7110,5011,1276,2
26179,85638,33256,7377,12560,4283,1433,820,2
24596,31341,28226,31070,7670,8643,1552,1024,2
19345,27659,3449,187037,12304,4169,900,920,2
111278,35460,14936,26477,14406,2218,1889,606,2
42292,26405,121794,27793,12233,3591,1526,664,2
7211,78379,33257,2247,7109,2554,1689,865,2
219666,32718,27911,22716,8721,3881,754,1027,2
18054,71770,46393,75069,47596,3662,2384,962,2
41985,45681,54677,14019,12377,2821,1158,1231,2
13505,10647,39864,38829,125265,3267,840,664,2
12133,63301,19279,8896,5556,7125,1336,371,2
68734,90436,580,66973,8213,4235,2334,579,2
40360,88191,53233,93143,16181,8475,3021,597,2
555670,44319,98777,362483,19434,8820,1249,1284,2
21907,22770,21555,90411,53543,2554,2570,772,2
25618,45603,21903,13754,63357,7502,2848,1103,2
28291,33450,14942,16312,9214,6019,893,618,2
6050,77991,14036,10684,4713,6461,2211,1055,2
26813,19376,61210,158236,47837,10085,1523,5175,2
652079,701596,125983,24008,86484,67689,62300,23876,2
1539569,330485,222230,192069,184516,376206,64433,112211,2
495167,109910,98652,98893,107743,55560,39070,45499,2
532036,243448,21157,2831,5432,15000,4795,2195,2
225168,122043,112012,204646,36526,138925,69288,32807,2
42412,15612,9588,13116,5821,6356,1503,754,2
37830,29313,15957,13295,3773,7179,2000,1160,2
157259,52403,11926,15767,7005,1464,1378,2794,2
11377,48193,43182,87167,9827,3036,1517,1201,2
72257,90558,39564,58115,12611,4412,2286,1067,2
13212,14418,15811,8495,5814,3143,1541,2043,2
24136,28115,5365,11153,14519,7313,1685,1530,2
49032,77627,2741,7994,5197,5241,1056,852,2
13028,68558,31122,45150,7339,4129,2498,1433,2
28916,36804,20357,177434,10452,8584,2299,741,2
20822,16907,19810,17324,5521,7261,1542,986,2
88615,42300,23189,11803,57008,4894,1139,940,2
12149,7782,29645,7047,12735,6049,1708,828,2
66703,49510,3782,31953,12080,5011,1436,547,2
54690,27198,21427,29512,7349,4804,1845,1489,2
15899,83582,25648,11947,10399,3923,1822,966,2
18562,4202,7864,9538,9488,7279,2333,752,2
20663,29601,25095,14100,20453,6376,1064,370,2
27014,11771,32378,45088,5348,11393,482,1151,2
11108,18863,14755,18242,13606,2665,1587,815,2
21736,91038,6714,8116,4538,5389,2235,787,2
7562,93452,18705,17832,11608,5104,1527,926,2
18870,47472,21419,7675,10079,3052,1543,802,2
85978,106500,96003,9298,25753,4122,1313,2757,2
33424,78660,19456,59272,36756,12088,2425,972,2
10739,82069,33732,13185,7024,3802,1181,700,2
55582,111426,11108,9656,28395,5137,1447,1212,2
10770,49909,6191,48555,11554,8288,2232,2800,2
26724,21852,19357,5006,1180,4262,1138,1328,2
17164,50683,6505,19042,4174,2763,3164,1006,2
80467,55048,73631,55751,13844,7028,2124,1048,2
116899,21488,3956,2256,3161,2704,541,487,2
14340,84199,17130,28862,16914,9340,1292,826,2
67484,27057,10100,11042,10048,3579,1791,1656,2
32895,68870,29381,12718,7985,2588,1629,651,2
115472,55465,23788,137725,193872,7207,1554,982,2
291776,117276,44404,32010,29902,8166,1716,876,2
18496,7428,8878,20915,7605,4443,535,867,2
22741,87423,33221,6183,8496,4492,1015,668,2
89795,47185,29040,101583,9812,4508,896,684,2
6595,32353,7563,24068,2612,7070,1887,1210,2
14054,137997,23449,13434,2708,5485,1759,1071,2
85570,4360,8385,14942,4490,2088,315,714,2
131010,6060,6912,14348,3482,1039,321,164,2
64243,51634,2755,8058,9138,4902,765,1333,2
27085,34581,42566,43015,2547,5610,1942,751,2
47683,39927,11104,9307,5800,3797,2324,641,2
20193,9502,16415,38249,5632,2920,1313,798,2
20085,33263,23396,9641,4961,5103,1308,576,2
21613,33811,11637,8777,13639,2619,963,2089,2
21843,23690,17027,22441,26335,9783,1758,1501,2
41398,19497,8151,9477,4495,6095,1536,1176,2
10376,21205,43524,18771,12279,2981,701,1035,2
85528,105667,86691,85621,10474,7706,2392,1124,2
101969,10684,1660,7440,725,1078,409,338,2
35813,40489,16288,17217,10394,5791,1271,905,2
41366,21086,9726,6686,13762,5038,1808,445,2
8540,19644,59414,11618,19856,5993,2146,1633,2
38684,37185,3456,118844,9393,5563,576,1797,2
27056,36895,8580,148083,34884,4681,1460,1134,2
32329,76232,18702,16870,7607,4169,2344,1331,2
28389,22133,13963,10628,2638,2741,1722,643,2
25990,17736,14302,13251,24389,5964,2039,1032,2
8883,27449,8734,9808,7842,8547,819,702,2
15571,63698,40366,15579,6343,4208,1266,1064,2
48302,54419,15883,23386,21421,7750,1068,519,2
15244,34055,36882,21344,6518,8915,1313,711,2
12928,27790,24567,37909,15244,3308,1027,1663,2
42867,74573,36613,18182,17961,9547,1728,823,2
35537,42547,31170,27222,21482,3306,1179,1099,2
40790,62340,16336,27175,7305,8668,1481,1350,2
255841,49612,25137,50808,27691,5939,1251,495,2
