delta,theta,lowAlpha,highAlpha,lowBeta,highBeta,lowGamma,highGamma,attention
1051020,222594,12416,22636,12151,5220,2259,1163,21
1059671,169860,62813,6316,24913,9857,5248,5087,26
335265,199340,41774,22985,16070,15628,2409,3689,37
72995,173969,13309,9817,29758,6909,3288,4525,53
366325,71385,13372,5956,8870,9680,3072,2502,70
834779,102301,47954,15799,22975,7516,2365,3752,74
237284,17195,5601,8358,7728,2494,501,306,74
802117,443079,269531,385455,312959,248463,72765,20192,81
161935,133356,78538,14967,9844,6423,3526,1165,77
419234,40529,8901,8067,10789,3935,1465,449,87
386069,113450,12452,10088,4230,3773,7327,4715,75
574348,116667,19909,6025,11225,5240,1659,2761,56
81853,99557,7978,5113,599,966,576,190,43
63693,146617,64915,11018,22068,4459,6001,4281,29
23729,52698,17085,5519,1958,10830,3210,2305,48
1361715,311105,139810,57518,16438,12298,3391,3314,43
313600,6351,3158,1786,604,919,405,157,67
205126,41512,31544,13355,10349,11515,4513,1333,88
40965,27193,8315,19352,6579,5753,3156,1753,84
17746,31659,838,4424,5120,3170,3791,1950,97
17414,33636,9241,6186,3645,3923,5286,1865,100
13969,19521,8510,13118,8147,3255,3550,2367,93
43823,24808,11424,6302,8186,8462,2329,1349,100
40394,19976,5741,7351,18288,2267,3348,2910,97
32155,12652,3122,3575,4865,12057,3195,767,100
13509,8184,8714,3633,3476,2922,1761,1199,100
50980,19035,7387,9901,11381,4802,2085,1314,93
18763,44515,19211,8678,1448,1736,1478,421,78
133707,62689,45181,19473,15500,12117,5499,4671,60
88210,31496,16732,21936,7247,6451,4034,2505,54
41439,23614,3259,981,8122,6671,3273,1617,77
31543,28003,13354,14052,5475,5360,1970,1918,77
54843,113204,42937,4328,5351,8894,6563,1979,70
31076,47635,17365,56109,8088,7836,2810,1039,69
14276,6761,15538,2241,1144,6863,5950,1195,70
30252,10201,5990,4507,5236,6743,2089,2104,81
456397,17169,4833,6367,11263,7556,7601,3256,94
21752,22299,1864,10297,4279,3767,1323,1395,97
229969,28733,6542,6166,2206,1725,612,974,81
67763,14122,34898,4613,5254,10186,4380,3296,77
2608,43444,6817,11474,11874,5710,1730,1375,66
648296,68808,10382,3542,4978,7150,6362,3344,64
689553,92736,14703,10373,10801,5691,3083,4058,66
10761,40831,2121,1476,3977,6726,1944,1217,60
207580,80856,23917,32062,11199,5645,4210,1766,57
166864,25156,3007,2609,3862,2633,1078,833,60
136208,154726,19208,7722,17983,9102,4986,2222,57
52609,29111,6568,3417,5857,2409,1149,934,50
14958,60856,19067,19738,7892,6874,4617,1338,54
17731,14035,21351,13137,7700,6329,2327,2699,67
12771,43814,103292,1441,8401,3483,4263,2213,57
32480,40070,9284,8388,5509,4151,1613,3481,60
54982,40151,108168,15834,14137,18914,1983,1459,60
65461,38570,3263,38329,11657,6673,2412,2283,54
230445,58017,18970,8610,6815,6314,3100,3615,66
633220,41880,31995,29568,12960,12455,8632,3974,70
58756,27618,9058,8839,1522,2917,482,636,64
29045,19565,29444,48039,2354,3653,2456,720,57
502567,7368,36184,54846,13900,9817,5517,1338,60
13261,31735,11053,11007,11840,10474,3596,2288,64
15517,66419,9709,9402,9299,3583,5024,2897,60
24452,28514,15942,17968,5161,11420,4292,2506,74
10066,8492,20276,6779,5210,7384,2207,1556,80
33157,30673,6238,5318,10355,10816,3593,4942,83
18344,18856,2558,8234,9993,6461,2059,1490,97
216918,44788,10513,9198,9200,5777,4031,2341,91
240546,123376,13169,22077,10164,8248,8790,2680,70
1969640,34346,7287,26430,9422,4461,1954,550,61
42700,65108,71466,16703,9722,3517,2123,2775,48
486918,19717,33282,28130,12164,13201,6974,3364,53
678137,193360,24967,11853,28926,7184,3942,3366,48
144341,6121,520,238,222,283,63,46,43
265278,89671,6634,9680,3736,8771,4838,4365,56
2649493,374880,13247,7073,12353,15339,14439,3749,43
1238081,36497,10864,6324,4566,2081,2141,476,44
94563,51889,3272,3398,1068,3348,851,255,48
294613,88182,13632,13137,3768,5320,2110,1596,41
37683,12734,16495,6747,9671,6931,2030,656,60
108282,96160,10678,1806,6859,7182,2866,735,61
30296,9299,82697,11687,8452,5471,1373,1251,63
50004,41599,16304,4466,7791,3332,4488,2441,63
16050,22019,18910,9671,15384,2844,3231,2177,51
196003,28943,11124,22298,26192,4522,6646,1956,51
651118,66047,29296,14254,3290,7708,4471,4957,54
73393,11142,27560,7987,2017,7101,3130,3752,63
7922,24764,5835,2749,7557,12685,6588,1019,80
9686,32566,7794,9142,4258,5702,1953,2618,83
909278,345438,15991,33933,53178,9582,5835,3757,69
268000,103994,18353,12303,23319,25190,3660,3694,64
97235,26132,3493,19255,3684,9525,1526,3159,69
36854,25278,8971,1873,9398,11383,4379,2980,80
68638,19085,24128,1512,9330,7458,1432,3890,97
21552,42715,13378,19629,11572,7235,3035,3760,93
27469,30202,13098,23146,8439,6616,1781,1695,84
27189,34701,16904,10401,9352,1848,1985,1272,66
72472,35776,10025,10687,13876,7060,4710,4042,69
15553,12650,8213,4510,4199,4503,5289,1190,60
54999,10555,12131,7770,14203,7228,3578,798,80
15574,6701,19347,13155,8874,7500,4710,1787,83
16774,19145,13392,3809,1948,11718,3368,5220,100
12999,4221,7969,21077,3315,4560,2049,1322,97
48081,13243,6335,10024,4248,4667,4903,2718,93
9776,30568,3927,1854,7882,5944,3117,1177,93
7460,14271,28936,5772,4057,3488,2807,2978,80
30076,22078,5437,5587,5235,8325,2362,2380,87
16967,9655,12152,13619,2954,5103,1363,3786,84
61573,33387,4251,1759,2358,1239,907,641,69
2767,3534,51414,9103,8476,2375,961,1737,63
12146,48501,12434,15124,6870,14280,1636,1128,60
13852,10669,28840,16218,7531,4224,2295,708,54
8249,10677,24952,15677,4773,4587,2888,1280,64
25565,22748,11614,8475,7883,6224,1786,1456,77
91297,17783,20421,7802,7922,4276,3403,1041,70
22390,13327,4806,8778,4910,4269,1795,2657,78
17742,16150,8254,7784,17341,8721,3046,1561,88
14896,18522,35273,2157,4087,3649,1382,1303,81
33582,23830,6679,2917,13996,2992,2260,1608,78
4359,25577,12033,8913,3255,2810,2991,1261,64
25939,22349,28025,12185,8997,4568,1713,1231,64
12198,15247,18734,5760,2949,3857,1468,677,61
9871,28588,42592,25002,8778,4109,2154,1040,56
22844,24366,41743,25861,6504,7037,1965,1355,60
209293,35235,25057,2575,2452,2142,980,386,53
6459,33718,6996,17044,14358,3331,1716,1992,48
6987,29494,5154,1237,3970,2636,3095,2881,51
32364,19394,20674,15688,5113,6156,1893,2593,54
24939,19804,5452,9671,6832,4279,4176,1944,66
20830,27862,11549,9969,2212,4050,1997,794,67
2353,46580,7563,1600,11371,3173,868,1718,64
119288,57745,25527,11394,21761,2473,1670,1449,51
50112,8315,15994,6212,4324,2768,1546,880,48
7000,5806,26798,3666,6647,4585,1394,1244,53
15702,23365,8017,12450,9960,4690,1930,2878,57
27090,26240,1190,6988,2320,3227,3591,1814,63
8410,22197,858,13160,6546,4892,2040,2268,63
421587,186150,14716,18825,16210,3557,3303,1800,47
37788,16588,2108,7279,2675,5578,2721,2221,60
206484,21699,12019,7656,3125,1210,1212,616,50
90114,7421,11172,2343,6706,7374,3011,2585,57
5534,13315,14254,4749,12907,4328,2411,2341,78
224800,23648,481,3895,1789,1514,1641,520,64
48525,15773,9325,2281,8742,7218,4559,1939,84
20775,14571,9375,9440,3545,5004,2024,780,77
316586,94309,14740,21130,7813,9014,2549,1080,70
22636,10865,2444,6403,13296,5554,3294,2419,84
14658,9618,2890,8725,7059,6479,4606,2342,87
64459,47418,1493,3410,4249,2701,2422,1355,78
15691,33094,3752,8083,6340,7224,3681,2825,87
25911,24399,7121,15297,5674,5013,3347,2626,78
101094,61459,6018,846,1347,1549,1717,761,54
5299,9661,11479,2652,3844,1422,1440,1672,56
27524,9336,13478,6205,6506,4608,2490,2280,54
18213,10167,11130,4735,6173,4237,1697,1798,60
17283,26982,2113,5814,4779,4468,2163,1283,75
53814,62007,6935,12515,13752,9607,3036,5295,81
454155,371258,26426,13567,3265,6077,4008,3882,60
18250,5383,8600,4030,7023,5215,1836,2528,64
49325,13961,13216,6380,4326,2370,1930,997,60
2047303,62222,41131,12070,14551,13418,2660,2091,57
292778,80059,2845,4436,3564,4924,1390,611,70
25190,8306,26385,3552,9914,3543,3474,3007,60
11970,22582,3310,3663,6520,7864,1296,1847,74
13114,8870,6437,2990,1288,4580,898,2000,80
13974,17074,10392,5421,10662,9799,4775,1161,93
50963,28197,7343,3076,5148,6678,2559,1687,100
11774,8070,13513,4055,6701,10008,3244,2136,100
10197,28657,9993,1503,9063,4830,3118,2281,96
3152,33681,21978,8133,8905,6128,2799,2219,87
25503,8017,20831,8156,6467,5569,820,1666,83
21997,13935,9418,6754,10137,3165,2270,1392,70
5992,22831,16317,710,9250,3096,3958,1467,67
70059,15419,6460,5876,10068,3220,2251,5056,69
4083,22041,17200,7456,8995,3972,6978,4340,67
13500,9439,9745,11581,11965,3599,2079,2974,70
2879,35839,7180,3237,2018,7165,5567,1515,67
5261,19315,17293,8633,5122,5199,1580,1561,69
4867,17214,1841,8706,7209,4119,4236,3820,74
13197,19470,33478,5321,17268,2194,2299,695,67
150125,7707,3245,3602,11033,3788,1622,1994,74
1650042,108394,26632,2027,4037,3527,1706,570,60
1338080,9549,1891,5905,1019,1176,117,207,51
197410,21411,75406,8279,21870,6281,3247,2865,56
95829,55082,27693,14644,11676,15156,2685,4371,69
90701,13770,7823,3886,1848,5750,2010,1713,81
540687,75242,31843,6999,4556,4931,2848,1688,75
70365,65565,31059,5647,18222,8461,5176,3159,60
447857,144983,171751,18849,17397,33170,11521,10341,53
718133,44865,43423,13838,8513,3545,4055,3691,50
74153,36300,8409,9623,14254,5046,5465,6376,56
14493,30304,3060,8154,14351,11186,2788,5202,66
60568,19408,5398,2081,6734,9553,3818,1372,77
41416,8746,4792,5824,2428,3761,839,753,91
23845,17689,4618,5627,5082,2637,1574,3370,93
98941,30007,45280,20998,4596,3092,3398,2113,75
776818,120744,21704,3927,7468,2282,1002,1627,48
1009241,111552,3343,13688,11637,16941,6364,3724,44
28259,64676,8673,15079,1531,18978,6190,3106,51
226428,388517,14542,62228,110538,51954,9728,9120,61
1555066,103749,33049,34932,7885,8363,9526,2112,74
89383,27667,32977,9622,16594,6548,3291,2470,69
48207,16442,22155,25826,19361,5476,3395,2702,60
131338,142011,32428,20794,23199,11393,17288,4385,54
1776883,94164,23408,24225,22932,9650,19356,17218,57
36100,68006,12320,92370,8935,32486,15399,15788,64
622959,102106,31871,14024,19061,26582,13054,6175,69
644893,76279,13583,35964,24896,15850,14375,8950,77
379942,82998,47289,4443,28262,27361,15670,15956,87
825487,127246,8705,12421,38546,23177,18627,22518,83
2207890,35994,16180,7726,3729,4604,6834,3852,77
822395,143278,74206,43870,24295,36571,20171,22529,78
432629,140349,20535,37152,13257,17285,8458,6835,70
158426,17632,9936,4908,2288,3905,1286,1264,69
33715,48321,12231,11139,5136,5689,3040,2020,69
9266,88556,11361,22506,8673,8028,4882,3512,63
8522,11111,9416,19287,9466,6684,2197,3516,69
24377,14744,5491,13481,5398,7102,1984,6132,74
250871,32843,1125,718,1053,1511,1107,554,67
33160,87311,26574,11501,16593,5293,3842,914,63
16685,14142,13675,7143,8079,6564,3867,1944,63
56730,27948,13095,5656,8060,8499,4650,4028,63
57275,73102,3402,4606,1660,1884,1842,665,57
15405,48271,1423,1050,5979,8268,3053,4457,70
1732228,542320,201870,42335,60909,41405,17307,24956,66
46001,64789,7546,2789,3828,2068,1016,1714,67
11780,2091,5316,4520,4696,5116,2907,3599,77
41058,8014,3888,15611,10243,6065,6093,1368,70
63315,32075,2318,2722,2564,1300,1001,1039,66
10977,4549,6603,5045,9652,4424,3428,1022,87
11289,31122,10616,2591,4287,4204,1729,1286,75
24650,4741,2881,11679,5929,3857,1107,1424,75
27938,4305,2315,7360,3592,2340,2250,828,90
71207,4422,2415,5991,1198,1368,471,336,80
9534,21548,12032,7250,12080,2901,2434,3427,78
401283,240012,7977,12122,8806,3767,3344,1981,53
138468,12170,10208,6303,2872,4421,505,711,51
36603,66779,9141,11782,9542,7786,3161,1479,51
7252,9134,12214,2907,8677,6972,1537,2333,64
38033,27729,4718,21331,4221,10263,2691,3546,70
779436,42984,1504,25663,29084,4533,11462,4651,56
1396264,66132,6267,15201,6804,4316,2407,2270,56
797329,202759,19508,23001,17596,14189,18585,11445,60
510495,59536,27965,47584,38503,16186,10058,7136,54
603973,135843,22972,18649,13863,8354,5211,3824,53
415128,64028,21048,11494,8843,6105,2969,3886,54
90044,7072,2642,2056,2549,761,615,514,54
489143,33043,9117,4716,2792,1205,863,256,43
451038,57737,32134,22894,6872,4818,2753,3570,40
59272,17251,184658,11928,13617,4385,1566,2486,29
2393499,728072,237862,30748,17729,58572,10065,5901,29
341479,40119,4414,2677,1758,1747,1015,459,34
204989,30242,3464,3632,1062,1043,292,173,29
779574,39795,30160,5539,4579,2662,674,1039,34
133234,7583,410,3478,2939,1273,356,222,38
63976,11500,3139,8818,884,993,737,687,40
678564,19208,11960,7439,9207,10193,912,850,60
678303,176070,21518,52687,80546,60844,10525,9770,0
204364,8727,28945,4062,1725,1091,570,722,0
60000,103155,2399,2776,4076,2197,1346,1161,0
184482,42287,4175,16539,9145,7688,5228,3806,69
100953,50207,85276,2050,22906,7303,6985,3328,61
994254,93709,67539,89113,9737,16382,4992,2903,63
220518,22858,21384,13514,6255,8774,3033,3822,57
216943,115117,9098,12498,4242,9389,8363,8892,53
87164,53723,25052,8046,19307,8705,4906,1762,57
144347,46838,18209,10037,8087,11122,4803,5036,64
208640,38593,2407,3219,3534,2051,2288,2512,56
40663,43894,21669,13612,6624,12055,5706,3259,63
582302,157847,15769,18967,15667,9040,15505,3251,56
8203,66697,6342,4639,5787,7877,5259,7360,53
4081,21877,24160,4025,5738,9137,4281,3247,63
2934,33655,21221,9606,11056,9190,2912,8070,63
20386,28387,48816,3925,5493,8316,4312,3527,69
47784,203154,62776,4101,5461,11461,6532,4415,63
80920,140475,108941,16914,7361,8851,2276,2515,48
257481,31086,31222,4551,8354,6373,1844,1726,43
160237,7307,10734,5504,1985,1547,872,702,40
153701,139314,16245,24155,6053,6423,3666,3043,38
168973,100590,16071,5564,9669,4991,3590,2484,41
60844,10138,12482,3418,4572,4904,3290,1087,48
82979,156118,4536,6779,17675,5184,2111,1832,41
70492,34262,47578,3387,15364,5487,1827,2032,44
103035,31750,35365,8455,45685,5150,2567,2641,50
26619,37020,14928,35728,2176,4648,3550,984,40
18514,19846,49417,10627,9705,2441,1065,1849,40
45932,25314,12379,9853,21357,8659,1448,2352,50
4853,4283,16341,6050,3722,4359,2409,873,63
10484,25670,38047,21900,5147,3665,2302,1490,66
41139,25745,25118,17550,13618,4882,3346,604,57
57274,13113,9106,1588,4065,3423,1291,2380,60
253207,4152,6560,2033,2753,1135,825,564,54
16368,14922,7419,12555,14892,6173,2753,4575,66
13282,1496,2687,4428,6761,10058,12207,5066,87
621459,34799,10710,2053,30651,9576,4636,3719,88
1158616,85928,11950,24899,29635,16965,9984,6420,90
491929,19987,10677,6888,23421,2532,1123,2753,80
1881140,71720,26326,7784,15197,8423,4847,4943,60
22248,38652,34407,12497,3609,3807,2427,3476,47
13510,29878,22917,20586,3985,8531,3833,2911,54
50918,21719,329,995,2146,3049,1636,766,57
43620,21524,9874,6894,4249,1593,2194,1737,57
87775,19458,12414,31994,20215,13654,9550,7085,57
126816,16266,3410,5747,9459,2541,1415,925,54
26006,16545,36376,2862,4039,5221,4233,3360,53
15774,34099,49981,23823,9796,5300,6336,2283,54
4328,27470,63930,11265,5491,9381,3129,3141,48
25642,36168,12000,9186,7696,8341,3507,6167,51
52943,14358,3780,2903,12255,7530,2300,875,63
96695,11497,468,3650,2383,3372,1216,503,75
11217,34286,3776,4378,10086,4085,2820,2260,75
9831,4808,12746,7654,2519,4123,3620,2402,77
2000,3883,494,4594,6627,5279,1950,3515,80
94475,75946,20260,23282,11749,6712,3839,3016,69
29562,43796,32117,26916,14311,5249,2347,1693,64
3313,26682,16135,3351,9375,6544,3545,3972,63
34619,32084,16219,8364,16487,8243,2550,2646,51
51722,13335,31553,15738,3786,8162,2578,2344,60
54898,9234,12339,4186,6295,7630,2207,1875,74
9853,21422,10263,2884,6936,4574,4624,2040,74
154390,88780,41794,16960,5372,4107,1650,2250,57
33355,27542,9929,13406,7485,11916,2464,1476,63
9471,5332,3487,1320,8078,4084,1851,1296,64
104546,28282,12656,6561,7452,3159,2652,1168,60
67756,39697,5957,4785,3411,2094,676,461,63
23966,6850,12678,4566,2845,6309,6010,3428,64
57454,26249,35053,2477,5462,7397,1382,2663,54
195059,76095,23998,10183,3721,8253,2374,3951,56
11262,20825,8862,9456,3702,5480,6294,4952,44
303758,234305,17273,4076,11867,5184,2149,1528,30
81402,41581,52805,18883,950,7761,983,1656,30
455053,47286,51942,12636,9048,2440,2918,3518,30
668610,377194,39511,10879,8979,7751,7287,9500,14
694211,140221,8620,6457,11571,20857,6491,6753,29
26213,24338,27756,7818,25412,7383,5934,4264,35
1577699,319900,77256,2966,16449,8992,4902,3372,35
339132,222743,24351,61309,11876,8703,2495,2794,38
129095,129454,9254,42056,8891,5564,2894,4136,24
81502,38786,101071,25131,10499,11291,3176,2902,20
14143,27370,10931,24275,10770,9886,5261,6196,35
376551,36453,29502,42360,7047,14231,4098,4589,47
45140,84138,15103,31462,8400,13661,10370,3680,57
412547,101134,45572,4176,17097,12197,5241,2715,57
103951,8534,16677,3704,7735,3201,2614,4146,56
105932,31966,3870,4474,1633,1374,1268,801,44
111484,16828,4302,4473,3382,1632,1009,1236,41
50232,25451,67732,16180,26468,8877,5978,3328,40
115774,146794,51240,19674,10092,7634,8041,2104,40
32395,18654,5084,4180,2311,2582,1156,1229,43
158895,152969,22986,25552,14718,5777,5216,3078,35
102156,250207,8166,8819,13905,5054,4148,5275,23
58543,12216,6581,6145,3254,1610,1807,1739,24
310758,176228,49957,37068,16865,15211,3801,5704,27
117697,38659,7424,4940,5416,2440,2428,1076,38
19481,75859,115395,9508,8590,3758,4146,2806,27
31753,13730,20865,3505,2432,6994,2023,2141,37
73251,14000,15065,4611,9230,8999,2737,1554,51
33571,28195,96778,13357,11014,10318,3209,2162,54
293559,13460,1632,5566,2149,2874,1655,897,70
231266,121912,56668,11532,27268,8812,7711,13299,60
76752,25025,4936,1653,2441,2432,1089,2018,50
1077494,53825,7643,10598,11486,3806,1442,1313,48
2203466,232094,43225,26350,30191,12593,5501,12964,37
130864,23561,5227,27785,20672,15600,5250,1909,51
444615,52437,21163,16772,8700,5093,5598,3343,50
575293,30337,2207,18307,3564,11097,12171,3732,60
65647,17468,8699,3702,6181,4445,2172,1012,70
142339,82846,19439,38726,3816,9528,4035,2501,56
462654,44227,45564,52441,4716,14833,6824,3204,50
237011,79774,33283,2460,1222,1939,1515,1087,34
18869,48096,18143,16488,18176,9728,4291,10304,41
4530,31227,65228,6821,7844,3787,2821,758,37
82289,38495,19416,11932,3194,9760,5892,2808,40
56795,325424,9950,4688,1393,5519,6852,3387,38
137655,86765,36858,12556,3660,11867,2291,3858,35
183576,11615,13053,5513,5405,4074,2988,3676,47
30521,68688,311,7704,1409,3468,3151,2970,37
72580,40327,2726,17855,7213,9115,2273,3770,54
139750,73139,39126,3704,9155,1467,4114,694,40
438150,89058,17994,20127,17238,4225,4630,2720,27
105239,64699,47284,21221,7167,7200,4863,5522,29
222533,55011,7137,4504,3798,2078,2131,401,16
86172,23850,49628,13314,6974,7680,9471,4548,35
76591,168787,15335,3501,6811,7702,3016,2563,40
609789,27025,56661,9024,6563,5755,3167,4045,44
81104,27131,7567,5809,3920,3428,985,422,44
132056,10454,5834,1891,1925,717,419,121,38
6136,23359,168324,6653,11138,6077,2307,1086,35
86755,66758,19412,36119,11821,5089,1990,1999,30
734478,73825,4300,1895,3520,5375,869,1571,29
1500003,77831,26909,9638,22403,15137,2491,1910,40
170839,99358,10665,19575,19542,7015,1760,2134,44
26728,171829,53018,2101,10067,13240,2907,1568,48
40987,9683,10758,2386,3508,2726,916,1274,51
247365,22404,56040,11151,9998,9942,10611,6848,50
58899,36088,9134,19872,17451,9536,6513,4409,57
150324,178730,45421,11332,35202,5513,3229,6662,51
34747,18112,12223,10972,11724,5718,3019,1764,53
48224,20041,72558,7543,8507,5267,2748,1954,47
23207,70144,40007,29996,10386,4298,3255,3626,34
38161,28648,15287,12912,3188,12862,1976,857,53
85727,47484,10564,21458,4564,9182,3458,3603,51
16291,32743,31212,4915,4871,4627,3884,1141,53
32493,36168,49520,2736,3102,6039,4348,2952,60
11704,31133,17173,11595,11547,4389,1448,989,51
64207,25176,21555,5464,5931,6454,5194,5915,51
98125,38959,6742,15881,6382,4288,2266,3043,51
31681,62796,9626,1184,3175,4656,2265,1369,51
43784,15472,102049,4837,6081,6861,2221,1914,50
61815,21192,71014,18564,9259,9343,9942,3321,47
30576,108319,98992,42628,13483,6114,4072,2148,37
166479,59144,32928,4947,9697,15726,9953,5864,44
93827,38189,3932,15934,5963,4727,7696,3366,48
349582,195178,24642,38169,4453,5761,2103,3381,37
1860447,83944,182912,7161,27083,5446,4711,2726,35
60193,43469,75553,2839,4690,10385,5381,679,27
57990,27666,23925,7189,7192,3112,4084,2820,24
11549,28077,25171,15825,9500,22834,2580,2464,48
37016,6084,5490,14951,30876,14058,5593,6072,77
375801,164113,47048,9152,13616,10153,2279,1456,69
15213,20521,1573,14623,2918,6526,4967,5284,80
236337,38313,6205,10850,2588,2492,2599,700,63
45153,25782,682,12622,6558,6867,2730,3152,69
109938,40465,17930,11288,13265,7702,4164,3488,66
895697,367679,105015,17936,11097,17734,7726,4830,64
614828,1393221,54570,46093,34651,21640,18709,5386,40
125163,38192,17538,7167,1776,2108,694,821,26
153199,11857,18157,6744,2576,2846,954,714,23
235584,113275,11263,21858,8222,7742,2107,3192,26
65266,17201,7144,21832,8702,6819,3945,2404,47
187212,87045,11607,22369,4765,14078,5635,2499,56
75285,255640,39638,24549,13053,9200,4898,2262,48
271634,65169,103773,20984,13921,7610,6141,5372,44
1557188,187238,45356,65798,54942,11793,5036,5329,34
313729,30438,12509,2804,3744,2241,616,294,26
81157,63120,45468,22475,20133,3913,3195,2725,26
418912,106452,11877,3691,1989,8938,1964,2311,30
39058,41146,32981,19076,8035,9161,2634,1191,40
78542,96905,46935,7048,5691,3993,2487,1084,35
137973,21709,109662,12025,2796,3123,3666,890,30
57202,31007,19436,9709,9982,8956,5288,2603,38
41810,26826,1933,9021,7863,869,1259,667,24
115804,54487,11978,6154,5001,6867,2151,2350,37
41380,46847,12339,27209,6895,19532,9093,3383,54
61596,69910,59148,24692,10841,12793,9450,9834,50
898800,161451,25076,14568,20943,3634,5397,3777,50
140300,109146,48344,17135,8420,8768,13058,3652,44
115918,25472,8068,17420,11577,2540,4307,1858,30
171687,128237,224308,8705,14312,23007,3190,3662,29
37186,52396,34206,15585,4752,5494,5823,4461,38
80664,35062,5844,9582,12498,3942,2724,3040,41
34216,61813,106198,11561,6038,4123,3609,1674,37
91909,13086,3714,3970,5676,2859,738,591,43
51723,62993,52018,15947,19209,8401,7566,2964,44
19915,16753,20736,3158,13100,3076,2418,1449,44
25793,39620,25759,8235,2185,5429,1860,1155,41
55462,72481,13089,14662,7519,8078,1011,959,41
148242,55143,21929,12289,10718,4771,2259,1954,54
23737,33078,6849,5278,6888,5133,2714,2620,50
105593,8135,17630,4223,22865,6321,3182,6538,57
48645,34315,75976,13660,14132,10723,5553,2301,57
16045,19954,19193,29309,4139,4445,1671,2514,60
46592,34211,13526,8360,13660,4090,2217,1699,56
35333,9476,8532,27484,11371,6316,3885,1791,53
112130,57800,93667,24012,18501,11222,6255,1579,56
447396,99998,36646,17826,11666,9580,4361,2556,54
56512,36102,18134,6916,11359,2959,6409,1374,47
119775,8302,12400,4180,1958,4013,1249,628,48
22998,55234,9856,6351,6265,9587,3957,5595,54
194240,44582,8137,1916,2069,4894,1479,528,57
850313,113949,79844,15589,21133,8492,9079,6480,56
138513,51013,21070,5623,11978,6001,4620,3350,51
67465,8249,10307,4353,6492,5831,6266,3841,56
13907,37985,61808,11771,5896,4258,4584,3427,50
55881,17407,19731,7185,5291,6798,3380,2011,60
277499,109156,172023,14602,9227,9007,4325,2841,51
131642,14173,17424,4326,11404,8754,3862,5248,51
55009,91193,48805,10689,8850,2588,1406,1742,44
70543,180748,80587,10863,6623,2170,8024,1284,20
41971,24428,27741,28670,11065,5781,4275,2308,17
266752,63709,24661,314,7737,1877,1582,1288,20
59527,50049,9040,7827,6453,6501,5184,4539,40
31383,38368,14877,23328,9758,6076,3202,1831,40
59481,75574,39818,14170,5086,4475,6051,2536,34
73429,65290,101788,1369,17568,4725,3848,4301,37
37420,22018,20674,10397,8156,8853,9951,4245,41
178322,10767,13593,2581,1038,1700,961,574,40
73394,182611,5571,7445,2717,4732,1454,1653,38
244868,91666,27535,3464,4044,16877,4316,2633,51
193376,204172,139026,14007,20467,11387,6053,2224,38
289851,25106,4312,1052,958,1641,882,578,37
250592,58508,41226,22148,29233,28916,8556,3235,54
1329553,125744,1973,33360,143147,108321,16023,4545,67
266002,16609,15679,23727,14687,7019,5943,2376,78
73961,29339,15634,54015,11569,7621,3288,2070,41
19623,57387,21900,9172,13307,3921,4154,1781,34
109550,55851,10694,16793,3158,14649,2301,1263,48
53545,20441,7381,15238,10814,9499,3555,747,61
18843,6715,14415,7810,13618,5229,2580,1944,67
121287,11932,13738,4004,4222,2877,1231,817,75
898364,37374,3218,11060,6840,4453,679,859,67
183412,12691,4495,759,1437,1625,1060,521,61
295707,358016,14179,36460,11867,10416,1702,2107,44
39931,73727,15488,19258,6687,8612,3176,8169,43
1556764,260568,52535,28206,10628,9798,3776,1828,29
541135,193604,87436,36816,13479,11332,5825,4772,34
133624,54405,16865,22466,13764,9614,9171,2817,35
33742,34168,31666,9102,13516,6970,3119,2658,40
183990,9654,7621,3817,5188,2095,1345,760,50
16533,7779,13335,3949,5227,4734,2822,7860,63
165842,44986,1882,3183,4134,1224,2026,968,51
27725,12892,12424,13056,6404,7874,4006,2597,57
84181,37834,13121,30386,16875,8211,2251,3281,57
46296,76598,21507,21607,10553,13992,6441,2311,69
314621,25549,3717,7244,4312,1182,1091,704,54
10949,15476,5260,17933,4347,6263,2760,1232,56
40709,8426,88536,18295,6624,5287,2305,1914,48
84465,40444,58770,7932,16898,14315,4126,2656,48
103106,41200,45862,13273,16933,23504,2655,2819,64
482967,102358,9369,21515,9686,11878,5792,4408,57
80505,22748,11620,21503,13593,8696,3222,1922,69
68126,22245,30564,10936,19039,5357,2369,2224,64
24814,25507,2963,4725,8318,10288,2395,1830,67
115622,38370,35372,21691,7182,7114,3253,3507,66
39926,44420,2045,7728,5773,1684,676,583,53
13230,27166,7850,4824,5238,3632,2198,1446,54
23033,20292,10085,10623,7674,7193,6019,1656,51
78314,35938,15655,14312,7711,8702,5780,3484,54
28556,22143,4436,8532,12253,10570,3835,3780,74
162934,34776,36408,6457,1608,2220,779,1442,63
216382,44507,3079,20097,26103,11801,4875,2501,63
40720,19026,12126,3210,13486,8108,1248,1057,67
31222,28094,13676,12851,6622,5778,2822,6229,60
90169,15661,8539,13499,5890,6125,2617,3822,74
127723,11957,1761,5083,2229,5657,2624,1264,78
6512,5708,3210,4469,9681,19378,3482,1660,90
170391,151914,12063,6874,22810,6636,1263,4046,80
112379,28239,10729,7513,3624,2344,1341,1243,69
55706,24067,5894,18649,5006,2439,1540,1038,54
133750,29978,9969,8064,4337,6099,5069,1200,37
39206,22642,14279,11774,4889,4373,2004,3215,48
1220851,37015,31808,19295,5702,4956,1707,2659,40
686303,212212,87719,50551,31982,21616,5766,3529,37
147062,29979,15775,9726,7349,1967,793,821,29
340034,190341,27129,24320,19590,10276,8374,10415,29
545351,71228,62190,49815,10257,30173,8640,22412,38
2687161,281738,14703,56784,33129,24141,33564,32239,40
840144,226647,105908,63433,90973,20324,82602,39128,41
1346735,267198,66218,118480,146286,87335,67025,27970,53
1377918,662576,105272,17175,18817,31687,11358,20858,43
424357,88341,29565,6618,18395,28884,4828,14492,51
721373,40313,325,15608,5487,4780,3834,1031,56
122528,46315,17129,48265,7701,9615,17093,2784,51
549386,92323,43082,15446,9147,13657,3389,5299,56
221155,29153,11734,2597,1391,1378,1120,566,41
62796,55993,2766,6428,5356,12979,8603,5058,47
105615,20475,4663,8399,4079,3438,1720,1103,47
344516,207430,15859,21111,31327,25104,12087,5819,48
153393,24758,20182,3474,4758,4672,866,1418,57
36049,72271,25660,28944,18552,10344,21667,3643,51
547152,90144,27556,57899,21681,16961,5812,2848,51
70928,144418,14530,22654,4763,7048,8957,3650,43
138389,95226,7921,4711,9286,6694,2450,4175,40
1747863,23163,13735,12732,10015,4757,1600,2629,40
1088213,489050,260323,65867,119888,30243,89474,59817,40
1150789,55402,5865,16428,27853,3115,16676,19098,34
127816,181083,4979,17942,22447,12872,12511,11149,34
831950,52280,28422,13763,8587,12634,8597,11109,37
56060,80609,7746,9105,6480,3965,8349,3990,38
173704,50792,23192,18418,26138,9989,13025,9633,44
1025128,179135,12438,23070,23684,31501,7283,6103,51
260260,26379,303,3974,3380,1947,1958,538,47
106022,38056,11917,18673,4944,9172,4430,2243,54
104113,9262,2653,3432,7026,4172,1819,1335,63
68147,8030,12323,6758,1537,1956,1774,2028,56
85254,25021,58591,7424,20045,10248,5627,2732,61
32702,33988,24472,16467,9116,20296,3452,3183,64
149979,110453,36392,16911,12058,16930,3251,7399,57
54664,22428,10636,5879,5788,6521,6868,4086,63
18365,57860,7938,40034,12817,6041,4207,6904,56
43500,21297,5849,4399,10816,12443,4298,2090,60
22632,47251,13621,13166,4986,4860,1087,3161,54
17454,35323,14913,4802,8128,4354,4095,1785,50
20339,60627,9501,31324,26964,7958,2610,2778,53
41438,21917,5794,6120,2196,1428,481,512,35
1143,25193,9339,11038,4233,4185,2423,3981,38
7294,5406,3801,3234,8253,5002,2610,3711,51
33881,25467,9458,2184,1680,1449,976,1512,44
15407,17863,73737,10441,16657,10073,9887,3674,56
139854,64495,21789,1930,24893,10213,5234,2561,47
101079,29760,627,1860,4463,3743,658,457,43
10643,9264,12147,9982,7852,7129,4767,3115,48
83053,31073,14278,5232,7456,7249,6955,3869,51
17243,18652,8259,9767,7951,8527,5096,3253,67
19102,20476,9158,3004,5555,4609,6401,6434,69
110679,151305,7073,22726,10052,3596,3362,2867,51
46033,77972,58767,17598,6462,5567,6545,2337,40
55211,22739,5905,12561,3068,8014,1078,1892,37
91625,10407,763,3023,4975,936,246,594,30
335943,71476,48632,10064,11359,16461,3764,3684,47
23480,32698,27483,7261,8388,5108,2188,2828,51
158910,17284,4037,3064,2114,2862,542,163,48
33399,42126,60756,54649,20247,7515,3119,2263,44
35097,53317,4683,8345,1728,7680,3774,2292,43
814981,376618,23263,26864,17289,17182,4953,3460,40
84660,286143,2473,2035,6350,2980,1337,1579,20
939875,192433,38604,33845,11610,9577,8787,4953,16
41742,33322,44999,27661,6596,3549,2917,1226,7
22344,81365,27428,10001,7923,8471,5703,1819,11
6109,31431,58952,9447,9397,12291,3764,1346,34
6698,19648,22742,2949,6665,4312,2970,1585,41
45685,17572,4735,8894,5967,6559,2866,3837,54
39604,18266,25058,19895,27867,6212,6020,2097,56
92821,68971,21556,19921,12517,7219,7461,2234,51
6840,18579,8473,8624,4889,7696,6436,2622,57
36723,61592,7618,10689,16753,7476,2703,2825,53
144014,55285,54087,26526,13545,10710,5655,4276,51
145224,150886,11215,9632,4881,2446,1673,865,38
289767,67368,12788,13066,4329,2129,747,744,20
16695,15644,17867,18175,8823,3287,3895,2113,16
20111,28711,5599,8404,6471,3909,3246,1180,17
188507,6638,13665,6239,5126,1832,582,1269,30
86816,44565,20678,4959,5870,15547,5838,2000,50
25115,9211,6816,2280,4757,4370,2558,1536,61
24029,11116,2727,8853,6479,5409,4072,2560,67
9922,17300,4832,10009,7693,8515,3200,1574,78
330578,166939,38144,5213,14900,7473,5019,2687,63
1024940,171968,27168,9368,6808,3933,3000,3333,43
77787,133175,91535,10477,13551,10683,1062,1780,30
35698,41607,26947,3506,5820,4491,2731,2405,17
47268,9996,29521,6401,9543,11832,2757,2170,35
1056436,295243,61952,9569,6867,13180,4565,5927,38
49497,39248,32316,9564,19149,11432,2213,2453,48
64358,144080,1654,8190,12596,6927,3612,1685,44
1447351,30573,27692,3160,13619,9353,4792,5785,41
23188,81624,14621,8614,16588,12094,1608,2374,51
72487,46413,19498,23950,8588,5737,4100,4415,44
25057,33223,69762,5594,3551,6624,2771,2617,48
23092,13926,45096,10715,5497,11505,1903,1351,48
35646,36599,4151,8333,7515,7676,1207,3117,50
49666,15718,13717,8442,5361,6478,1433,2909,57
36667,15621,3486,4484,2833,6396,5773,2566,69
43861,24350,3699,5314,3576,4486,2722,2242,67
12649,17062,13626,4347,15556,7456,6441,1981,69
14040,15906,22967,8173,7940,6405,2068,2982,67
171034,34777,4719,3077,1437,1617,719,134,51
2124,17198,7112,11121,3528,6184,2983,3388,53
12739,14965,28245,5001,4870,9807,3599,1264,53
64243,46762,11410,23234,6397,8368,6706,3734,51
558705,84865,1878,5077,1795,1544,2210,839,44
137553,234693,37258,23534,20091,21012,3729,7518,34
60095,108791,19705,50321,9698,8792,4573,1791,26
93509,64110,4664,5646,1074,2152,811,1587,30
59410,32210,6457,11684,22753,5576,1670,1988,29
367058,308017,13301,14260,5730,3140,4505,1528,29
560902,15219,2710,860,2581,1699,776,601,38
440641,85423,1129,10370,2507,2000,387,456,26
16733,33822,6061,4947,9755,6210,3321,3286,17
63198,13184,95822,16178,9709,7800,2348,1144,34
31222,10727,30914,12293,13543,7798,4118,1177,38
28188,5806,10029,4105,5310,19299,2911,1666,67
17091,25189,23688,10298,7233,5480,1476,1604,63
7654,19952,10951,6586,9331,8558,7106,1322,75
119922,11954,6812,2892,6219,2436,745,369,70
120608,32110,6764,7409,4274,1637,954,1067,44
126916,34597,4083,5051,6440,6248,2983,2112,50
12038,20249,7593,10495,12521,10321,4324,1855,50
15408,49237,31784,4184,4542,6116,1410,1439,47
8703,23447,10768,4976,4578,5453,3364,3559,57
140580,1948,2992,1594,677,508,75,358,48
1506594,386367,109918,23279,19498,27519,4779,7099,47
221403,40724,41189,3404,3281,7498,689,454,41
17351,11912,31478,5074,14040,6283,4330,2935,41
22465,30348,49593,20835,10730,3345,3309,2969,35
54687,6227,5038,611,2086,1666,1411,183,43
65380,28179,11523,3716,5789,3910,4084,1790,43
853573,81286,18527,12138,9950,3980,3103,1088,43
9048,42052,1410,8961,4001,3397,4010,1116,37
4410,6789,8507,5913,2919,4346,1800,1226,43
37326,17729,10178,6807,7584,5961,1473,1953,47
26023,3769,13077,3644,6205,3022,2623,1704,56
17256,32765,1721,4393,3247,5274,8686,1716,61
297008,64936,5483,14952,8440,9119,1984,2058,56
994573,57233,6364,4798,7494,5406,810,861,50
16311,25871,5223,1028,4699,8386,3770,2822,50
324838,117619,6467,5902,3370,6351,2292,1509,43
581694,176454,74014,8628,11950,17938,5994,3598,43
87219,8515,2482,733,1064,1981,593,333,51
61509,18934,3156,33142,10790,18870,3066,3427,53
63939,30087,5857,15577,24586,18617,4947,6436,69
284778,78429,29857,40687,5563,14276,4632,2607,70
124388,17919,3048,7307,1766,3271,2292,1647,67
136411,21219,4732,9404,3788,5755,2509,4853,61
65561,37115,4802,1713,4833,4195,1301,1490,51
110471,9857,5761,2772,5556,3988,2720,1291,60
72617,8057,10075,4097,7176,6229,3191,3229,66
201267,233191,26886,8765,4224,4691,1381,3289,48
88795,76052,49947,15393,16620,4958,2974,2455,38
70725,16507,6899,22821,31608,13406,5135,1659,41
15635,17820,13999,9977,3311,6044,4764,2093,35
23914,45792,20856,10611,6378,5650,4532,2928,47
32646,28077,27261,12726,8167,5242,3932,3033,53
145983,127537,86743,6065,14165,9767,4853,1813,38
67231,52250,8557,18243,2792,2611,1841,1568,26
9954,26629,6855,14991,3936,4428,2043,2462,27
24391,18773,26103,2429,3724,4106,3044,1287,29
17515,64054,3938,6620,9807,5240,1981,2803,35
176471,18050,9236,11471,3917,2794,1787,691,24
504608,72721,5739,5349,3260,3292,1169,1746,16
26515,16343,10050,6447,2860,8388,1923,5166,26
202537,21875,11710,3512,1239,1923,820,378,38
715472,67017,25013,7141,5826,4703,2490,5239,30
50480,14771,34306,4792,10187,8166,4051,5908,26
327970,38997,5311,5090,1927,891,1069,487,16
322406,310410,55379,29269,11667,14067,2988,6291,20
25276,23809,23890,2295,4219,7192,3747,2389,29
32364,37549,14807,8490,4458,3705,4840,3364,21
55988,20181,26115,4567,5908,5487,3682,1084,38
502968,198600,85689,34287,14871,20558,6869,2526,43
473403,51330,8596,1010,4031,2156,1236,501,30
30339,50145,60700,17568,6082,10523,6834,2256,23
477235,27538,59181,9657,22355,3882,3253,3526,20
1273236,521913,12466,30264,14125,9981,6498,2496,13
306570,93704,39570,6889,15531,8981,4971,3437,20
315312,38151,11754,3914,1258,2543,518,786,14
19622,9685,17823,8621,13469,10454,3298,3432,29
18167,16880,21870,6515,4314,5514,1252,1986,47
16330,22866,53132,7220,6498,6687,5659,1939,48
1803749,484250,105113,56057,14822,21087,5731,4502,47
1410250,286140,7014,6940,7755,11371,4431,4453,27
22104,44536,10732,6105,7539,2255,1315,831,20
11861,26945,31741,10008,11836,12924,3376,1757,26
24839,30680,11623,33649,5528,6001,4950,1641,34
2950317,440554,35611,6897,23931,12278,4548,2803,29
115307,20149,6386,7277,7845,9288,4745,4715,44
45727,55592,25519,34552,5551,15918,2201,1068,43
72338,28876,3798,8869,920,1748,535,825,38
92272,34055,1315,4686,3350,7709,1624,1532,43
242581,15384,3176,3696,4852,3498,1875,1675,44
144290,48883,5444,3161,6930,4813,1411,597,43
14245,3821,8615,3070,10417,2839,1809,3150,41
716970,289702,44936,13475,13623,14697,2376,1265,30
189646,13952,821,5558,5073,4344,2041,767,50
118849,48691,3801,7625,4101,4586,1921,1751,50
82715,55033,22284,10883,20158,5395,4148,1580,44
183315,12113,1144,1502,692,441,427,161,27
1003202,477503,91147,15739,9976,17118,4002,5004,20
980853,119794,32589,15714,6818,4557,2082,1592,11
59445,28232,14249,5991,3238,7671,3292,1106,20
14378,6949,10983,6176,32505,6651,3854,1800,40
66765,25877,21633,6606,4989,4001,2495,3097,50
139228,8637,1322,1257,993,464,174,500,37
589993,337633,27550,34372,27406,8274,4474,4657,14
811729,200337,29088,31940,18725,13288,5847,2814,11
742655,154384,37273,20546,13350,4872,4166,2716,10
17109,50380,15264,4320,8224,15020,3584,3435,21
1258878,62763,19008,16338,16423,17381,12398,4871,40
78465,50731,70176,27160,31746,9125,4460,4258,41
106042,244763,37987,20180,11703,9135,6715,2849,43
161143,378622,38132,27332,9280,8275,7660,6248,24
297417,130593,27039,58765,61887,9612,3879,4146,11
59318,19689,24287,6890,6518,6968,3540,2470,20
22267,16325,2646,12227,5882,5483,3943,2703,34
33891,32113,6166,3348,1609,1813,887,2531,40
276464,118838,18501,14441,11627,21391,6899,3294,50
18206,48294,14158,6027,4893,4807,4608,2517,41
377708,156171,3825,1261,8818,7307,2877,5267,30
113919,70421,1017,3070,3640,1296,1137,770,24
598817,133740,15830,2435,15742,7952,2338,2913,17
221065,139334,20420,10572,8097,21976,4771,2395,23
34644,153195,20151,14520,6288,16633,4181,1550,27
324974,46386,9526,3666,6666,2698,1340,690,37
82514,30035,39881,1799,7532,5322,5944,1941,40
357209,352434,20780,27048,7416,10250,2789,2294,26
95157,49759,12713,9452,13813,5280,4728,4087,24
47061,81348,22658,7757,4019,2270,6161,4039,17
1691,67048,614,22572,9039,4012,6221,1291,29
1534127,624794,7330,15783,8318,12569,5622,2618,20
260607,237077,15977,11053,6407,13354,4142,3704,26
29444,63795,39541,4606,5386,15555,3231,2628,23
12365,24741,15556,16490,5480,6085,9112,2597,30
219186,18017,1915,5362,1247,3464,937,2398,53
13003,36561,8096,8874,6028,8112,3647,2524,53
1435611,48530,25628,10324,2060,8249,3455,2435,53
140361,90638,33879,7799,2833,4411,3155,3004,29
253734,28803,2595,2212,2568,2596,2653,716,24
7245,3491,11717,2075,10168,7502,2653,3245,37
11539,13131,16820,15110,5887,5046,3364,1637,47
12659,17288,13435,1555,2996,5078,1700,2847,60
266288,28172,1935,3651,1564,1071,1268,705,53
15476,6018,28492,5762,4593,6843,3151,936,44
37381,30052,5384,15311,17403,14973,9000,3729,53
77677,29335,18297,4162,6709,3454,1649,707,48
72803,10998,3266,456,2861,1557,609,203,57
224314,11534,2006,904,1003,646,356,222,47
16170,4414,26887,6374,5008,9856,5587,2051,44
182938,87009,1320,34065,21555,19566,12316,5895,51
1214460,162930,81320,64076,26922,13128,7567,17381,47
739810,283323,4865,5556,14291,6932,4320,5790,27
409860,68804,10682,2586,3831,5771,1768,2430,30
96327,32261,40508,31362,12049,14647,6574,11996,43
55236,28021,1523,12628,3106,1859,3573,1023,48
4642,7407,19662,5645,11669,10075,7413,3845,48
556408,26484,1384,50375,5128,13632,3510,7344,56
114855,19893,2874,2320,822,625,251,447,41
263013,32105,11735,81199,1254,7467,5354,5824,43
7782,33079,43815,33925,4632,7923,4718,5036,34
179580,73807,22044,43056,2773,4686,4066,3091,17
2310109,328308,29826,58142,16638,7375,5381,4177,16
23740,7893,20191,18505,7534,3646,3869,2009,20
46730,23854,5259,4212,5272,1948,1406,1183,16
514061,84051,22263,6704,37716,30723,13863,7383,35
97145,56370,7007,21328,3206,14631,5162,7308,53
45849,16692,1725,1141,460,199,381,186,37
38342,5343,17808,42207,3539,17575,3111,2103,50
33748,10122,42505,4490,13553,13394,4961,4536,48
13169,7182,18991,63162,8254,12170,4051,3010,47
524127,251334,19692,11808,3634,7014,5663,1371,53
238017,29327,13236,35187,14553,30403,8640,3266,56
162041,28758,5278,2940,6479,4344,2325,1698,50
117682,31651,1220,7003,3514,1889,805,730,41
1777340,198244,64962,36811,14625,19939,5999,2833,48
1623160,127680,21969,41826,11868,8219,5058,1915,30
10524,27649,7654,28524,27404,6940,4907,1672,30
42737,69546,11397,13082,9434,5836,4718,2159,30
1505450,288724,21222,34422,10728,11661,3210,3507,27
125502,117960,2112,8833,18754,5509,2879,2042,26
13704,53665,41895,7809,5968,7592,1867,1657,24
448444,33822,4040,3765,7459,8196,8103,1098,35
660535,151424,21176,43950,15834,19620,14983,3211,41
21404,26366,5457,26529,6302,7465,6247,3666,51
49288,112697,9619,26847,33128,16709,3822,5470,54
19298,6533,25714,17887,6892,3041,3130,5426,47
41360,20620,36781,14841,6645,3100,4770,4288,38
6487,6738,4632,29938,5904,6420,2809,2395,40
9505,15728,7207,8511,3404,5839,3295,2539,43
47185,59448,5216,16100,13035,5221,3430,1975,44
46151,8346,20075,19101,8715,6972,7972,1724,54
5420,15585,1280,14326,3805,2665,3688,2875,38
1030686,529131,38210,132012,72330,34493,17935,12476,35
1175543,239879,130451,88370,43034,10741,9102,9704,20
810724,472204,11948,166477,24709,17704,6165,4602,17
118046,74018,10133,6821,6289,4750,8129,2162,14
162333,138282,16631,43583,9358,7926,5455,7634,26
382463,13389,2497,2911,4119,1641,1364,1111,37
116479,37932,4087,20359,6703,3455,1549,1176,37
1497742,61538,15360,17755,7267,10542,3252,2453,37
108538,46212,16667,37232,5051,8815,4133,9584,43
13293,66117,5421,35325,16765,10252,17057,3186,44
26443,19555,24520,6329,9015,8726,7969,3767,53
19254,20371,16215,1596,8803,5816,2957,7420,57
87667,36852,15954,13828,9053,4833,5988,5737,54
196163,16706,4405,7610,2627,3447,1238,854,54
18720,41901,4951,8349,10745,5807,2109,3981,51
18808,8333,1694,25125,8781,6205,8893,3247,53
43389,28846,5641,17679,3039,1887,1518,1209,48
135051,14813,29071,6687,3977,6919,1380,1469,50
119341,6483,1412,2986,2285,3457,1449,1194,60
16100,39914,7730,5960,3285,4575,3445,3555,53
213892,18741,6185,1583,2125,2196,1712,393,60
81098,43317,19677,22033,13464,5011,4898,4856,53
21489,19715,6811,3157,1157,1804,996,1051,38
38998,42731,7043,8867,23048,5993,4606,3019,40
1813452,327875,940,31431,19261,9461,5441,5375,29
534531,106122,16818,7572,21164,12056,8192,3334,35
37135,17121,7372,3000,3745,9251,6228,2655,48
12543,26731,12411,9237,3858,10469,7475,2916,56
3591,18067,22757,41286,6978,8858,6826,4368,66
21145,16911,4556,4585,9867,6925,4726,3834,77
20749,15364,17110,3655,4141,5388,1943,4362,67
23261,14646,31867,8650,3833,10711,3632,3177,67
505542,128985,7492,4654,10934,8054,5999,4135,63
7707,15013,69921,13261,3353,3235,3222,1435,44
14587,13269,13368,3043,10961,4933,2047,1713,44
152809,38688,1939,6408,3182,2188,796,525,34
101051,52680,21326,64217,7137,3846,2542,2925,27
10390,19111,6210,14845,12314,4343,2936,4462,38
71609,62325,45458,36791,11550,12345,5121,1721,34
332348,3167,303,1366,1060,315,264,254,35
14721,14475,18651,38866,10825,9354,2544,4314,48
9116,19042,26845,3730,4732,3586,2487,3064,44
20995,5589,1922,19056,3169,4389,1089,2700,54
78740,34049,6650,19937,4392,7989,4417,3379,54
1075448,448217,182947,31128,37993,19648,7508,3399,47
75236,34553,37518,20266,13875,10487,2682,4608,48
630258,242333,108175,63275,25095,14863,4437,4134,35
173477,47819,1880,3144,3928,4364,2173,647,30
1328308,106668,31930,18595,20830,24742,3135,2731,44
14240,7282,15672,3174,3824,7670,2745,3834,53
12891,27665,85655,6293,6978,12501,3422,3998,63
6852,9242,1175,19267,3739,3692,1215,1889,61
6350,43921,7331,9793,10804,10013,1977,2965,56
267043,62602,19728,6357,1516,1158,1223,1019,40
13223,1661,5104,2271,9051,3849,8435,1824,51
447462,10137,9169,7454,3667,4134,807,1034,54
28174,6544,1363,2312,811,733,740,252,63
13058,36985,10133,11605,18653,5205,5127,5845,50
39986,23906,34744,8060,10460,9237,3047,2055,48
13785,21642,15932,6474,4746,8344,4897,2176,54
4272,7933,19836,28746,3991,4994,2539,1676,56
10286,18026,8582,9034,2632,10010,4325,2044,66
25726,18842,28796,11145,7182,3174,2089,5690,57
129685,163152,2688,5598,10250,3802,6561,3567,38
62844,33779,8335,24408,4008,5299,4700,6286,37
11965,43986,29138,25819,4163,10213,13459,7659,27
41669,45841,3275,29719,7385,7154,3267,4343,34
340268,29917,1248,11745,4134,4147,605,656,47
239941,17062,2755,1736,1787,1308,1518,903,44
27026,30887,25394,14687,6061,3472,3984,2465,38
65729,24644,1749,9760,4540,8568,2665,3094,48
67685,23290,8657,3425,1798,843,806,818,35
16528,21859,2285,3114,15764,4631,3830,1937,43
46243,8855,5243,3204,770,462,905,1036,53
33127,44956,8113,78510,5462,2854,2118,676,34
10168,60351,26859,45454,15774,8907,6376,1905,23
13509,24887,31606,49413,25663,4434,4142,3465,21
18116,18105,17822,11331,9509,4531,3062,2183,35
817361,219937,33518,22360,11161,9181,8135,3035,27
114447,113280,27571,17237,14075,11486,7647,7410,29
584968,60760,50484,36272,9639,6473,3623,8578,29
862521,204770,62112,59177,23048,33850,18060,3900,30
21756,19544,3132,24103,9604,11684,6996,7250,43
86259,94071,40681,12721,12153,11026,3337,7321,47
100913,86077,13288,4587,6338,2892,768,1574,44
12843,51710,118548,7644,8937,6630,2974,3425,35
106388,63132,4158,11260,3881,2887,1603,1284,17
393658,223106,9812,23913,20976,12836,4527,3935,16
23535,49909,67862,38518,19783,11216,1823,1609,23
76551,9687,62179,7233,3713,2752,1269,643,21
86711,34486,25809,28069,8066,7700,6211,3089,29
662343,181280,43179,61010,17629,15311,8410,7221,30
100524,53615,91371,32772,12123,9810,6034,4718,29
179992,20509,52680,10441,3835,14784,7062,2457,44
111163,109805,23074,4211,6357,4971,1602,763,35
384906,33039,18250,18119,4922,8952,4323,8403,43
59044,46235,18193,32154,17557,6786,4541,2163,44
11586,62265,23483,21931,6366,4759,4733,3436,34
106889,8710,466,1143,1194,2338,2118,1283,48
176442,58980,33825,37568,8592,6685,4925,3029,34
90194,12707,14132,28301,12656,8166,5584,3084,43
100343,55766,18120,18348,15764,19004,5800,909,43
2462918,404065,111552,97569,22558,39723,26410,33687,50
94301,40080,12381,15213,5217,2684,2703,2451,47
67204,217352,68757,8259,24913,37768,17470,14911,47
74981,19617,3068,1681,3816,1957,1199,1737,40
254471,48575,8740,33705,12061,8817,4214,7842,43
848100,63112,11490,5141,9877,7947,4840,4148,51
207950,9675,8888,13678,10227,10079,7700,9457,64
216176,49924,21054,7862,4502,1567,2757,2158,51
44370,63189,14321,17107,13149,6713,4142,5376,48
575515,61238,6658,13917,23411,10164,11016,3293,44
170279,503987,40415,13234,44036,15704,11884,6466,27
228222,30778,2753,12123,9023,3427,2895,2288,27
431824,79476,16014,8222,8395,3063,1136,1034,16
125557,87834,39814,66662,4970,9089,7182,4581,20
81828,9799,7091,4736,1954,2926,529,1275,34
7278,18312,21594,17876,6882,2040,3349,1831,26
13339,25730,5144,6785,6960,8383,11148,5668,43
33000,12386,6040,2976,7483,7797,7875,6447,61
29065,28454,6016,4522,1172,6322,1539,1923,63
16655,17408,16780,13871,9282,2557,1887,1617,56
19030,18405,13851,17722,7400,3079,5138,2221,41
162746,20739,1811,1724,1668,1727,1564,1377,35
445450,32234,9277,2941,1972,11936,2351,2740,48
16923,29420,19800,24097,16332,11640,5349,5251,56
151718,206578,6858,16729,19540,11986,5856,2920,53
562753,270041,116705,5219,30956,12392,3213,1926,47
528742,60666,122994,37975,14805,11212,5113,4520,30
55108,5566,5254,19473,26084,13203,4532,936,40
65938,39763,48560,12883,5891,5554,3378,1290,41
153488,148211,13092,26723,13603,6473,3867,1726,41
284862,28344,25077,6479,10996,7417,2578,3072,50
512946,46732,4143,3958,2772,1165,1151,976,23
253646,225318,15131,24381,9824,14935,5711,2484,23
90963,137301,81274,38298,5088,13628,4578,3402,27
153339,22322,9630,2425,4574,2664,1154,456,23
21390,32459,15238,6594,12645,4356,1320,865,35
600904,63906,16926,6412,15805,6268,2787,3895,37
115306,34459,12173,9941,20542,9126,5038,2205,47
75114,26152,14412,33005,9692,11870,3944,4004,53
711651,62524,2149,13912,28177,17200,8188,3775,61
92624,17264,4763,7828,13007,17155,5939,4610,84
96549,56140,10319,5242,1663,7024,1921,1011,80
1767947,101042,109177,77111,12780,11151,8823,3966,64
22521,20298,4742,14945,5582,2606,2511,1709,53
23681,20346,19018,13607,8510,8935,2545,3013,43
25816,25114,45216,8561,9368,13555,2630,2542,48
87150,10776,714,1351,780,420,220,146,47
79896,13386,13179,10654,3217,5852,2776,1705,53
1019239,235300,15755,19288,29384,58119,42522,8956,54
707105,89562,16852,60483,94826,28472,23401,9284,54
801517,695724,86214,88106,34334,42264,16413,17545,56
193815,77115,46216,21956,19266,4241,6038,1178,43
965547,81659,9507,12661,5413,4457,1658,1043,29
168182,159728,15305,13238,8024,6384,6302,2186,16
413721,67455,52835,60664,63084,9032,17672,9426,16
97706,23573,2745,3314,4756,3582,1885,1657,27
14216,24804,24074,8824,19081,11792,6336,3986,41
35290,22273,53849,18617,11070,8734,3567,3159,50
99723,97021,68116,13000,35833,10716,9327,5579,53
339820,14900,3383,7488,3529,2658,577,393,51
196884,50140,9426,6252,8053,3026,2303,4266,38
610011,112275,23077,19405,4029,8197,8200,4441,34
32432,59601,7885,7707,18524,3805,2524,1740,30
155647,41583,7439,73862,48845,4536,3273,3477,21
522510,156504,5288,3800,5786,5147,1071,904,20
21761,39592,32688,17770,12155,7511,3953,2802,23
5327,32038,51162,3141,4882,7232,1742,2601,27
23298,43774,49807,6463,9130,2828,1704,3244,26
20807,24333,8496,16293,10015,6434,1121,883,40
114376,21579,7248,5911,4559,3639,831,1113,41
60847,56581,99792,14941,24308,6831,2558,3819,35
61941,74112,8529,37468,5029,4988,3582,1746,38
270205,22749,57013,24789,25323,6413,3220,2989,30
270532,25642,7492,9393,3400,3980,621,384,29
38558,99236,14881,11769,22553,11650,1499,877,37
197698,86880,34298,27510,29516,13945,5644,14265,43
48806,105715,13824,4356,19081,7319,5318,4664,43
108541,27152,17958,13998,14410,3492,2769,2201,38
1293346,215033,45231,33778,19462,20132,5265,3380,37
24050,12462,17725,7040,8229,5237,5222,3209,44
68553,66898,52863,8483,3496,7000,2207,4153,43
812231,762442,78620,35843,32985,17947,4603,1823,29
88553,57994,49656,23997,6161,12800,4706,1626,26
108994,142609,4396,3866,7603,8554,5096,9317,27
60135,59592,23016,17738,18788,11138,2683,1582,34
23270,13445,13855,1383,9640,10030,3935,2822,57
31695,19194,22203,9450,12942,5863,5657,3040,60
175103,57872,5608,1086,3244,4390,588,1191,57
20652,25553,15531,7635,5341,12772,1642,2502,51
82038,72486,54456,16952,6514,3488,3402,3793,41
151012,27234,5919,11183,6512,2769,1287,715,41
749405,592592,3940,14204,30191,10927,5342,4195,29
90126,53600,19772,9789,6483,4399,5893,2831,14
74675,31132,730,3582,3671,2762,1852,2155,24
266869,63128,2490,10431,3854,4692,2415,3807,24
138871,65806,4660,8273,2881,2866,3376,3926,30
1259284,218688,39631,11814,14543,13618,11835,7127,30
49929,22185,4854,17050,11883,7091,1102,1212,38
75825,40258,14312,8917,4050,2836,2031,1556,35
680814,235795,34431,25204,13107,17331,5683,3037,38
71809,150848,9800,8732,11053,9431,2638,2275,40
301618,270453,18683,5564,9430,6763,1748,1342,23
222577,26668,2590,6996,6632,1515,1364,920,21
176394,121614,20202,5856,15156,7469,3846,6894,21
28260,32595,22329,10979,14421,4282,2184,4048,21
889491,243429,8453,23415,19472,25845,4055,3636,34
269224,111114,53653,46496,19121,4734,10719,5252,27
132575,191089,57198,43291,10566,15819,5821,2261,29
130734,61126,49077,31867,51886,11250,4297,2587,30
63812,19761,14070,13081,6564,5603,3141,1004,34
1069343,150448,66361,54457,94192,29499,4647,7226,47
164280,32193,36290,23298,15205,19820,14481,5418,57
566562,39035,4247,10731,6537,2472,1112,637,53
360035,137267,16477,4616,3679,8699,16020,11192,48
1415572,312086,76925,63646,45514,14096,11964,19223,37
233035,48149,17205,3350,4268,3882,3905,5374,24
208815,162668,60373,82850,67607,16952,11511,17619,26
704569,102892,19730,15065,8602,30179,8070,3187,38
14426,71929,27108,23538,8296,5896,3026,1642,43
49007,96231,12892,13154,7240,4791,2230,3129,40
177675,184372,29867,5057,23282,17041,7723,2439,43
151452,21206,1333,3413,5374,1877,1221,807,35
188556,10224,10382,6053,3793,2161,1419,1270,38
14193,52802,61595,12519,24196,6093,9215,2582,40
261204,42399,2682,12057,1376,2798,1024,791,35
1254695,103257,22860,27236,49617,11894,16051,5278,35
133852,32365,7180,14861,4335,7081,4131,2887,38
28157,7510,5627,5601,23248,7324,1017,1580,57
84888,344985,41216,16208,29165,7584,1926,2817,50
77819,29364,9505,4469,15634,8364,3609,2988,57
24736,7299,2261,4686,2115,3736,3134,1822,64
10058,30326,20902,4840,3985,6349,2242,3744,54
74134,8000,13263,5993,2990,2881,5033,1241,69
252588,27310,9370,3222,3415,2732,1058,848,57
63390,13782,1282,525,549,1213,214,117,53
45875,20026,22530,9512,10588,6839,2978,1694,56
132999,65679,17966,14527,15275,9893,2066,2237,50
1286764,28556,18741,10009,12972,2493,1301,706,47
11416,11012,3763,3866,6459,3705,2901,763,51
488912,54587,40907,12271,4298,5962,1821,1636,47
614475,33424,33399,8052,7275,6225,4340,2600,51
81276,17983,53821,9285,8185,3057,1509,1058,41
19865,15721,32327,14719,4856,3924,4665,2061,30
126977,36342,12688,26227,13943,5771,2541,5074,35
53891,39240,47383,20667,10391,5771,2965,1789,30
141377,102956,35780,10624,17538,6846,3104,2205,34
92265,41880,32095,13706,11823,6921,2341,4330,35
8008,30671,4882,6635,5552,4551,2650,2388,38
20377,38998,5306,6317,4410,13447,2250,4004,53
18980,10087,4247,8554,8135,14897,6784,3852,77
313274,50734,6919,4583,6412,1963,478,485,67
351529,121849,17118,20877,12452,13990,23926,5996,66
45051,85379,4104,27950,19745,10413,5126,2952,56
605088,47859,31519,9530,25727,21494,10426,4988,48
47520,33373,21989,19986,10263,4404,4295,1556,54
197362,172326,65137,6310,9440,4590,3436,4512,40
63072,63448,13272,2265,7028,11526,2710,3028,35
58063,103795,75739,39299,35478,11265,4398,3450,34
17456,19752,2017,7644,8197,7848,3129,3324,57
106061,38103,18841,21169,7515,13099,11685,7617,63
31729,67961,5816,17316,2668,19553,7860,4128,66
61565,43296,2991,8391,4653,7874,3952,4594,77
125622,43794,14436,7688,10198,3586,1877,3458,61
635257,19233,14393,16029,9066,8006,17841,5386,61
240708,27060,2793,4596,1677,4984,4207,3524,57
1445648,328145,28265,16561,35599,10867,3296,12070,43
210206,82771,49939,35391,43234,22796,4814,2059,51
650384,375787,104172,90032,20407,8114,15115,3576,29
47697,54017,16449,8731,22860,7092,4600,3262,26
17592,91745,19807,7785,4040,2956,4298,1292,24
93007,43849,9820,7939,3985,2846,1533,1681,14
229731,355560,15891,29358,60181,8341,12700,4411,17
1465385,400506,42830,19820,24688,19022,6920,4969,11
51447,263067,5216,5174,12844,6633,5065,6414,17
29282,44162,16923,4602,15900,11187,11339,7979,35
39921,40060,15117,5520,6335,9133,4743,4943,47
229942,84902,25788,11892,7181,2514,4482,2704,34
309589,51976,2364,775,6017,4623,1750,1277,44
37966,36829,6343,6592,11127,11628,6931,2012,48
27245,83643,59602,4609,4484,8793,3996,8167,40
293368,83184,15464,22406,6137,4543,3667,2196,44
66529,63522,41134,26477,8739,5265,2921,3732,38
25102,24401,6773,12806,16630,9086,4619,2440,37
178361,99119,27401,13406,35828,24120,7829,8318,47
103370,37411,49378,24175,9261,34660,6003,4063,64
120837,57603,4217,6396,10672,16857,12163,13369,81
269312,38681,4537,4898,2378,849,617,400,60
440296,87509,20195,6186,8415,4212,3777,2875,48
29164,22393,35068,4156,4863,3754,6220,3060,34
142675,44925,3281,9438,3547,2390,3122,940,16
243301,118736,2047,6413,4320,3249,1483,870,20
252063,202367,78565,10443,17571,6642,5428,4027,13
170034,8441,1240,630,367,666,339,178,14
182576,26107,6371,10470,3694,2242,1469,809,16
513831,52020,1255,5169,6844,7687,2346,1069,30
16867,43514,3088,1454,8253,6053,3647,6073,48
393507,75753,19813,8523,4634,3566,4352,2498,43
40044,27123,18616,12563,18546,18798,3688,5181,51
371868,24605,10520,33473,7202,22115,6883,9001,57
106858,7181,9580,5870,3210,4874,2422,4304,69
19959,62711,10256,6263,7839,18776,14126,8468,88
798013,50102,24836,35725,6422,16110,11143,6071,81
149684,49484,1626,19166,18537,18009,10669,3370,80
15629,4925,54577,4246,9478,3485,2803,1383,66
21801,19976,25797,14419,16418,11086,2093,3995,63
57296,41244,30377,16602,16797,5537,8162,4782,56
268661,51340,54248,11752,10948,12663,2170,3067,48
31111,22760,10342,12944,6122,6611,2313,3634,56
108081,39408,42409,7496,14201,6093,4409,3893,48
106017,83633,45719,2957,3424,3982,789,849,41
1418625,65522,27818,13796,6639,3962,1769,2253,30
6882,20491,123359,9399,3667,9823,4327,1756,24
182322,42911,1371,6271,8344,6588,839,675,29
69435,123777,45856,16773,28087,13775,7380,4287,40
5015,18099,17842,5728,6842,6381,2340,1894,51
49025,3999,13759,2060,6142,2884,2665,1674,53
652861,110698,71354,23363,25707,8794,5616,5350,48
22565,19618,59310,6309,7565,11120,5720,4823,54
46337,42309,20381,11526,13133,14612,4764,4865,56
94680,61824,8977,14459,11509,10620,3974,3083,54
198437,116264,22083,22571,18096,12763,8248,4493,61
971225,237486,40162,35136,30911,11241,19109,5277,50
112889,37464,1422,11995,2612,1633,992,1588,34
21062,36626,28717,11929,8855,13622,1566,1822,37
26837,22154,18367,13354,2474,8979,3402,897,41
7855,11707,26294,7906,11127,4859,1559,1338,51
55189,25666,11832,2430,8824,4788,5439,2812,64
118214,62802,34035,24028,7588,3239,2361,1819,48
1941554,330805,87519,21425,20431,10109,7910,4596,29
334217,64062,5712,10181,30898,7484,11016,1561,29
283991,241798,21211,9553,28141,4221,6823,6116,10
544835,28097,604,15309,13289,7865,3530,1802,27
65750,62189,27473,11679,11337,2985,3762,3974,29
79930,50649,23519,14768,17133,11298,8446,6798,34
100174,13444,4030,409,1036,1486,294,521,48
41636,36827,36359,8455,8030,4865,1900,3211,38
481310,6099,5008,14547,4454,5273,1065,608,56
127308,28507,7455,11412,5466,7219,1771,2297,57
29309,17566,3558,8912,2174,8030,1463,2091,67
1924213,229049,82674,8762,3347,15515,4745,4282,56
131873,26253,3416,6845,8332,2113,3722,2417,48
352724,505528,18972,11052,29351,22969,2543,2249,43
53650,6057,3411,2683,5767,7993,4909,2656,51
8742,9452,17946,9420,2869,4831,3029,1660,61
30207,9293,18611,11728,6808,14217,2983,2256,77
63927,55065,16052,25713,10035,5287,5950,4420,80
36277,10407,31202,6435,7522,9926,4710,3675,67
18475,11224,33342,17713,2890,3324,2947,6339,60
32555,15260,8114,2997,6112,5775,2667,2147,54
71540,41061,38804,2998,9222,5138,4519,2448,56
240638,153308,24940,25251,30894,8297,2895,3464,43
1355012,212489,29369,63734,12332,13318,6316,5438,41
53729,15371,5987,1983,2813,1189,1063,531,27
14742,25177,20031,7290,4431,9433,4783,2044,38
104103,37356,27592,11735,32866,13423,6017,4674,50
236225,10126,4169,1755,1493,3586,970,983,77
27837,65275,15374,12944,5873,7265,1607,1521,69
12454,3994,11258,3037,6966,5553,1517,1257,74
26959,23130,18282,6280,8771,7961,3417,1787,74
224177,46699,15981,11995,24556,10582,1989,2257,67
11228,24721,20511,2560,9991,4635,7399,7847,69
15704,12544,17833,7855,10971,5773,6229,2047,64
1198149,96599,58985,10978,15884,5740,3759,3938,50
498186,59647,8170,17083,13211,14677,2453,2626,51
147947,93293,14701,24705,11781,12725,3194,2984,51
1753878,92676,35705,24002,9074,8029,3107,1950,41
149476,16768,37644,4669,5955,6576,5349,1325,51
28286,23067,11962,11155,15897,7787,3249,2644,51
184992,99966,33283,18950,26508,20051,2626,1203,54
1728,33131,3060,6540,6212,5569,2363,1654,61
64535,143534,3400,21993,24784,8401,7737,3844,56
31936,11458,3602,2972,778,749,274,201,43
14909,18844,20372,2313,8626,4473,1723,1400,47
312873,16981,6602,1290,2380,2296,656,845,51
52800,8053,11669,11952,6057,8113,4952,1319,66
78853,27865,15784,23897,6037,5994,4245,3396,57
6538,21652,1418,6209,2693,8103,3498,2685,67
55719,10680,40648,12579,13162,6300,3724,1934,67
225129,165934,34429,12623,18764,19604,2493,3074,60
502428,194221,31943,28390,14761,9812,5641,3160,51
365038,46145,20829,10253,6453,2484,834,505,26
46429,18366,15644,4499,13576,5130,2148,2671,29
729491,100101,52159,6886,16233,11694,4460,1834,37
22729,38787,12970,23687,5395,5993,4213,2524,40
20500,19561,17060,2703,12193,5645,2457,3403,54
43928,20490,1816,9086,4607,2179,3179,1757,48
201066,35434,18264,5552,4936,4496,1247,715,50
11321,8979,21345,9678,10593,5423,1295,1012,48
70379,46286,57716,4040,3553,11995,2392,1332,53
23494,13844,10982,7601,13650,3864,2124,1059,54
41148,39091,9888,5016,5447,4448,1227,2113,56
10937,4512,3022,8753,2757,3753,2325,800,61
140255,12327,4647,3193,845,3859,721,338,66
257108,147121,92171,23628,7913,12865,2930,5673,57
19927,14975,30177,8743,5820,9907,1687,2234,56
20477,6493,22864,11524,3269,5911,2335,1956,53
41081,21225,13389,5068,12021,9143,2937,1564,67
75042,45606,30331,2640,4846,1892,3106,1032,56
7254,3678,8487,3693,5486,4994,1254,895,61
5078,5480,38270,1112,6367,2484,1204,3002,51
302736,120425,9321,2960,6735,2201,872,1188,27
117502,64860,19733,8239,1434,6677,2130,1294,38
69975,52591,54395,35402,17949,11123,7126,4947,26
21712,27420,83996,17913,30865,2771,2117,724,16
44125,14737,110133,2698,10393,6786,1959,3284,27
75992,36279,31311,8211,6766,3630,4731,1660,23
33755,9867,15116,16799,14280,5473,7437,2408,27
63080,15639,18844,2657,26879,5244,4455,1801,44
17591,61085,40044,2327,5472,4965,3521,3157,44
14612,33225,10889,7782,8386,4533,2423,3671,50
173009,11415,8493,7397,1233,2363,625,387,48
33913,15639,30038,23646,14541,4382,4690,6452,43
45883,11761,40539,7569,7154,17114,2428,2043,53
17895,15969,51500,2016,9886,4677,2911,2858,50
257607,113893,10861,6626,6091,3261,1027,1086,41
86678,6374,63911,13959,8733,6945,4190,3599,43
18941,16572,3928,5486,12002,8291,2801,2046,44
168856,11151,2207,2353,2040,1132,749,454,44
17479,74907,4544,11604,11469,4765,2392,3088,53
26453,28578,11497,6575,7585,4531,3528,1537,54
25208,18518,34108,9490,12613,6500,1702,1779,43
667898,109097,4090,19924,5023,3633,962,641,35
1450456,413609,65861,39355,37840,8068,11395,3216,23
64685,23833,1450,11354,6953,5036,2416,1744,26
3776,19401,8934,2035,3224,4293,2011,1591,30
52416,8952,6105,9308,5537,2764,2926,1337,43
36591,11659,6161,9709,2718,6889,1214,903,67
19591,8083,13209,17239,10328,4170,1770,1605,66
24619,32235,31188,6939,2427,6177,1349,2392,63
51629,9607,12985,20782,14175,5516,2487,709,63
69186,54888,37868,18183,17358,2989,2674,2327,43
11258,25753,27520,15236,11129,4637,2004,919,38
68022,39743,5112,5908,4557,2579,817,403,34
421620,100792,47237,7961,9285,4091,5247,1212,20
13033,18932,91716,30250,5935,4762,3027,1350,21
29258,39872,33622,20724,7065,4235,5126,3876,20
20214,22318,12291,886,6932,4002,1229,968,26
20188,29665,7911,6057,3014,4881,1499,1326,40
577953,141922,7860,741,4099,6001,992,460,40
16835,28354,24161,20734,4865,5453,2846,487,43
40260,33850,17051,12000,4637,5928,1489,746,41
16972,41252,6379,1418,2896,5294,2026,1155,41
149521,196794,40532,5029,17908,7666,6176,3109,40
13604,55240,33904,13661,10851,8563,1910,2560,41
6015,14206,2772,4870,6373,6486,2855,1628,51
151042,146212,11537,8430,9159,5279,2626,704,40
144190,38494,2766,10458,10609,2671,1358,918,44
5860,22346,30708,7878,7116,5637,4279,2372,44
74152,52977,5999,22277,5948,6259,1961,3780,35
473968,32899,6223,8461,3094,3604,802,1001,43
152410,36621,3367,7289,7036,901,1075,607,35
643376,114664,33497,11949,4077,11302,2970,1809,34
317509,27623,10771,3775,1794,2546,1761,707,29
31994,20456,34805,4350,7927,13764,1479,3294,38
490654,19544,3046,1255,3910,2647,346,428,53
722350,75952,9756,9270,7066,5723,2926,2187,51
12119,22298,10451,15061,3661,4662,4432,1383,57
1804169,131431,24706,12640,15558,11794,7313,7976,47
38260,31208,63850,24850,26732,8729,9447,14617,43
44962,23324,7436,4332,6862,2943,5264,2487,44
87066,95617,14370,4944,9769,12274,7563,5662,44
207463,182572,44753,18285,10470,5158,7625,4990,35
2560753,200632,54488,68344,47129,50460,26286,5344,41
527596,31041,10526,5119,4297,3830,2371,1503,41
668238,734573,324093,65536,62509,30673,23681,14339,29
640660,25442,10342,7395,8572,3369,904,481,41
470437,176069,12316,20468,7084,14168,8437,9598,35
589788,214941,24957,26824,103369,31509,11724,6568,37
1332080,39758,2117,7726,4908,3127,2262,1041,44
594398,45648,19899,42455,25554,12322,6141,13779,48
6794,10650,1569,19200,17628,11094,6761,5225,61
28063,25876,36751,16365,11297,7693,10158,4354,60
38782,43434,1593,5771,14444,5535,4273,2255,64
165064,74050,16128,2629,3060,1906,669,808,50
85675,69416,65283,18135,13589,9042,4985,6996,35
32584,38579,23049,9567,10366,4608,2601,2448,29
187131,38210,4808,18810,2503,3115,1468,437,23
101327,22764,23181,11775,4669,4583,6679,4009,35
12320,16428,18423,19920,9025,5253,3191,5616,40
51012,124795,38718,6976,12856,9152,6055,9399,38
120383,42163,2039,15014,13774,14354,8878,5702,51
529956,109377,20467,1088,7441,15450,6761,3945,56
189219,35598,3544,1564,1335,1463,1272,539,48
16875,9899,5988,7563,10734,7147,9436,2757,63
901363,135800,8983,13680,13366,23272,5665,20090,60
71661,30686,1341,14103,4129,22230,10922,13153,70
225254,211325,30934,12763,16642,45606,26244,11600,84
1557676,47026,36815,13595,14399,31581,13373,15694,87
79246,69293,22513,7254,12982,7241,6285,5288,80
19016,9047,6639,14400,12151,5500,4668,4031,70
17425,11095,28636,13253,14788,14058,14849,23357,75
131658,43835,50472,27388,23875,13218,9823,9335,64
178487,81346,10083,14651,12044,7306,13545,26207,64
22515,21011,9072,6588,18865,13574,13815,16587,70
15849,20308,15322,12955,7991,11674,7325,9303,70
53153,123498,48880,5966,27001,10861,5257,4323,66
60892,31417,10993,24315,24751,14259,8487,5526,75
61470,39168,20379,5134,9722,16585,6698,16291,70
170438,50486,25100,13522,2256,13619,5993,14521,67
59549,55270,35921,4997,2622,2008,2110,1485,57
276167,59230,9843,6140,8831,2145,1863,611,41
