delta,theta,lowAlpha,highAlpha,lowBeta,highBeta,lowGamma,highGamma
676385,66134,110497,92158,37571,222255,7994,7769
42163,13311,4903,3482,2929,6228,2205,2154
1952137,346299,86967,122754,3403,147279,4936,5822
100484,23746,5347,7161,5791,13887,8532,998
16983,7961,3477,6786,5161,12555,5898,7755
378175,119715,7929,75592,11307,103590,3663,4392
701653,37985,23263,28585,18287,39251,28358,20088
309764,99630,6460,58418,8663,99124,3598,3136
1281355,10358,15717,32501,144634,327968,11685,6328
538854,41420,9490,42421,30443,177201,3609,3731
506784,43194,11544,8395,12333,124327,4547,1728
221932,16605,1236,5132,20901,36612,1448,1106
707868,102224,16559,34902,6253,10967,14965,1837
1185173,9344,1104,2527,9114,39598,1505,1456
824440,24824,1559,2721,10262,14520,18359,1107
1314889,282875,15935,117550,16209,167045,10490,6326
590856,7004,2740,18168,9676,46751,3259,975
33365,7666,3909,1815,11298,37383,2821,775
428666,12132,4579,19356,7215,30399,4657,3760
733568,15516,2396,7499,8716,36293,1791,1456
213141,30992,2987,37448,3549,32278,1118,1424
1281532,277339,9114,92484,14740,127480,19036,4120
1607765,42706,25788,35983,49228,100534,6695,2609
2873629,854474,51154,158236,190214,649073,18272,21721
1201184,62394,19009,58456,26723,79412,8986,2257
2768946,207300,146116,459863,15714,369535,18342,20841
925982,51271,6653,33050,95199,140631,2084,5068
153256,15859,4098,8161,10532,43392,705,969
537550,53755,16906,45925,15132,159654,5903,3301
1256410,163262,47678,41245,51412,51632,32769,2807
2405220,285629,167793,205700,203833,747893,19229,16677
1318524,631684,48484,110714,146428,545030,9860,11016
304467,24856,4489,4946,19918,35253,868,1168
1352652,77909,39868,29040,60834,127989,3162,3962
1134057,28595,5957,39241,46328,143919,3269,2398
1770378,70083,12170,16356,49257,144774,2366,2011
486077,20332,19308,5368,11008,37692,525,763
1225357,128321,18873,22613,43226,139040,4073,1980
371004,10444,2023,11303,16956,28360,527,804
266009,28749,3760,8652,4018,28560,1437,769
512815,12661,2897,7696,19128,28946,494,648
957511,182668,2834,42537,34578,141409,3989,1781
134948,33405,64,12514,3559,29983,1349,1242
293550,33298,3427,12338,5616,32037,614,545
716945,15725,3177,10999,14805,29473,238,743
576380,20192,2469,9989,15572,29375,764,670
1522398,45042,8702,53670,57294,111658,2001,3566
917265,20843,12821,4518,16888,9302,3602,871
215943,8789,3066,5333,5971,7473,4074,1131
1329605,67197,16931,30859,28616,10046,13429,2958
367851,12413,5723,6898,4002,12530,2347,323
277187,347560,73759,74308,96243,72322,120333,10043
244877,39514,16782,49133,15420,21704,22480,3089
1382518,15034,19481,42099,30293,40259,28114,2018
1109518,8761,3164,3724,32615,89296,970,1469
323449,417378,121418,75411,164994,63052,42612,5684
924595,476134,95554,167361,49266,81608,30839,6333
503856,6123,3069,1304,8820,10675,1316,349
236861,17858,2287,4705,6132,3533,3012,213
1623817,834790,61167,29431,128841,32972,49844,7092
995145,359017,109447,97988,84040,23642,99294,7366
586869,61026,15311,13058,16292,13122,6944,2111
600207,55412,24629,15977,53059,11214,16124,1073
575857,231637,33868,149504,151544,48477,39293,7044
490183,70478,14253,2498,15143,7477,19381,1200
183448,4764,998,2238,4358,1595,7259,491
990035,68831,35084,18429,30315,16533,9740,1731
622719,7656,987,558,2680,17184,558,321
1787593,11618,6077,10703,12083,13294,15645,2024
722296,470040,62214,103421,80228,37358,48426,6567
655718,146249,39320,128716,89314,26523,111598,8809
403296,33750,1670,6794,1918,6228,1451,513
972948,119536,25148,9910,9683,9887,23736,1805
490195,373165,76911,76059,27267,62746,17703,4482
166270,115769,10521,26059,14113,19405,21178,1491
3130910,146489,17517,24571,16803,53796,8887,2242
1280118,280883,37850,339125,36275,146239,63194,17174
1154843,46597,25100,37898,32382,34149,41037,3564
628214,26233,6813,24519,9541,33187,10622,2661
829498,155121,4823,21158,17453,8819,20504,1915
1175570,61044,40894,28692,12860,12109,5467,1647
146678,72500,28889,84058,12550,15021,12626,993
1202621,310234,5104,48768,45550,62563,46120,7001
1447511,448705,145917,39080,78838,75213,39607,5100
730068,260443,173246,71347,29396,24429,86067,4846
1302507,111284,24956,10408,23437,8184,8843,3763
493834,62593,30519,46021,28954,23518,16139,1651
1446271,8397,9275,34014,8394,22348,19357,427
457992,86233,24583,13275,6923,74583,4095,1421
3069220,893613,41461,26475,33341,311432,8222,1829
1071063,17614,2450,907,7195,2619,2870,535
73719,7702,1066,1013,2326,3107,301,144
1671114,83921,12986,26900,35057,12975,30607,3109
432204,4040,2653,7699,7317,9809,2459,317
368919,170110,18474,10525,9547,18093,15689,1440
1561807,80767,14774,8975,24000,21166,39992,2406
530237,16850,51895,3469,12088,17166,11310,1452
1543380,460123,62335,112790,63899,39646,97122,3692
1780781,253783,49377,69125,43544,65457,38639,4880
880366,163855,54638,157640,24564,74564,27925,3895
651072,38066,12618,1778,4181,1919,2027,247
1099633,53250,53383,14492,8810,12125,11984,1318
405466,169262,9531,110516,49553,65623,57802,9050
2980923,191397,123427,26725,162113,33082,18626,6585
499348,29398,33905,11634,18923,17487,11358,1257
807474,729823,4210,29232,46246,33350,41389,7938
2077270,662615,142249,41569,79698,59825,21902,22289
1378143,350049,20773,132231,55244,40546,19755,6842
1384068,233770,37596,63408,71449,43257,40177,3713
599755,25226,67059,8748,27209,10619,3643,1287
779858,237851,76142,21734,147589,34111,9244,6638
1883738,413941,58389,46179,18153,36818,37647,4295
608176,55797,16821,21274,11382,6876,5029,2578
1128850,157119,104615,59015,34466,45374,24691,4703
352534,104095,5590,18132,27795,8245,1907,1785
985165,179398,74700,103398,23216,30889,17391,5004
1804814,178572,11249,19185,95762,41455,25465,2550
541989,736912,135652,115698,14202,27956,23721,10197
251794,37118,23516,16886,18483,8806,4937,1828
1503978,221403,77516,133694,103897,52621,23685,3959
2304051,375197,58169,40887,84427,45098,32770,8024
2478506,1535146,920037,546394,68448,133854,65433,21203
1105661,281306,51674,82276,26787,27173,8819,9194
120026,63722,22173,14272,8739,9316,2471,1161
804238,82016,11127,6895,3594,3831,2421,758
920483,23802,16116,907,14820,4735,1937,1847
1600081,2052683,275477,287267,298544,131384,28443,11355
672136,304089,3922,57550,27735,30035,9372,4048
284341,23617,18872,29657,8831,5366,2625,1200
124212,189842,10617,13736,10023,17431,10290,1575
482551,207678,87020,173170,91957,46948,14836,6609
85489,3573,5619,1538,5602,3739,691,411
19500,159975,7839,27646,14884,7505,1712,1120
373474,82772,22526,10889,17076,5827,2556,1423
246181,30957,5871,32017,7156,10866,4290,1042
350951,37347,10049,8955,25017,9357,3743,1322
632169,236045,21587,96455,51771,24686,11173,13103
73589,30077,12025,11014,6978,4663,1915,400
34365,27880,7098,2813,1444,1606,1041,800
698031,271795,62790,80196,63962,29296,11883,3877
1957095,337200,28956,42540,41766,9986,13690,7837
710915,166232,110819,37032,50008,64351,9197,4420
898722,216800,52519,41153,41091,53830,3780,3449
1985541,110738,23126,40566,22363,55040,5582,5132
124171,35673,21100,44458,10976,8396,6105,1137
1088793,1290843,236307,190110,30198,34123,14758,4484
1447397,183693,29611,71389,42137,14078,22248,3224
1894904,258877,58347,69548,69172,28704,25056,4686
518073,178291,12450,12734,16112,5921,4632,3639
442522,71818,10584,15083,14005,5773,2312,981
2040621,378726,35723,50136,48947,46752,12309,3819
767649,437263,38286,195259,15255,27634,11610,8316
1993600,625605,339721,431816,97370,60787,28868,14754
320429,208773,87433,46875,21553,32006,18435,3046
2556906,163689,103353,62806,30358,27773,16348,7424
3260005,634740,538706,182599,307703,159416,78327,14566
326809,40332,76239,5276,7186,12909,2625,1021
1829611,849617,59952,63180,39203,57316,16028,5676
517614,78447,2452,15632,6174,7329,3561,1162
747461,671412,257391,331553,191224,151136,67097,36631
968364,41166,115171,22700,186381,11845,16323,8112
1193058,214222,53483,42986,38146,20251,12953,2246
608062,763426,139926,65989,29024,33126,11065,10940
273977,70410,13613,11965,11805,7699,6141,896
901052,145079,56665,58837,77025,15626,16908,4123
765665,248187,186157,26349,53967,26223,10261,9279
539496,186302,41693,91028,50703,17050,14900,2782
99276,29534,3980,8638,4010,3975,559,780
653971,272501,84302,87166,22692,37416,13823,2705
878687,330087,52854,40714,43247,23706,17803,2862
1768394,35774,28852,7969,13886,5055,3150,3292
105793,44047,2597,4811,5985,1424,1340,286
581159,273780,131704,10440,73740,27090,27617,5175
506181,28851,38040,6565,20639,14672,5577,2066
803194,45356,12035,8493,13528,6857,4479,1198
307974,36229,31819,5812,15314,7633,4314,1733
459614,166751,148170,78717,34453,44442,13064,4968
511918,37879,9580,26457,8384,5096,2592,2052
449639,438776,97126,28548,47050,27648,15626,3668
1272246,364520,227807,29746,38264,22479,10346,5058
1114545,42691,9617,25813,16261,5064,4070,748
1851881,370730,59744,69866,81173,44326,29750,6277
176040,12412,2418,5080,4566,5348,3042,594
1189590,445568,134781,89685,75579,26275,21130,5537
202246,116510,23896,15963,16376,13734,5920,989
961633,586405,76767,79463,51067,22532,30062,6844
606653,49057,14002,10612,5742,5519,14299,1033
564915,94033,5285,4524,18445,4841,4273,1404
980005,48930,12384,7446,5665,7007,2183,989
800201,512994,151707,88692,63489,24712,16211,10121
455827,42863,39403,28321,6498,7737,8022,1099
847957,94737,143340,95400,113843,37797,12951,7156
559591,169840,35189,89161,54620,28309,12843,4409
1676341,670824,433774,428341,196529,54133,27030,22789
2204769,539953,65312,99099,65536,23749,20269,5790
1770585,222611,116564,159979,18562,37043,7190,5736
887261,131264,142199,26703,54715,52078,16428,3737
817379,165271,54341,73583,30016,25611,21074,3063
176580,100114,16621,31494,6020,8241,9190,1338
1457745,201340,207837,58799,63785,28785,13847,3575
323963,82489,17836,39428,11603,2848,6291,2219
1570366,489041,138800,49567,19884,19798,23281,3624
1221366,256010,39631,28689,19041,35795,16977,4282
1490964,393752,259101,79409,113641,206191,65043,12563
2282234,246673,372489,53832,34347,34928,21870,10181
810122,114832,23317,26234,9636,5900,1859,2191
758258,57100,12524,31043,22017,8338,3136,982
115440,45226,33991,42861,11915,8329,1932,1340
842896,50023,9811,16464,17532,9438,7670,2699
509367,367096,53525,39426,17920,29664,11658,8292
562655,62916,23844,4402,9578,6081,2512,1157
898052,315878,23881,70426,47548,22509,11453,5209
829162,674033,32735,32473,42177,41452,9674,3748
358389,45511,25478,5963,18025,8279,2560,1870
415106,92341,62574,33422,14064,8791,4928,781
453183,375926,68771,46560,72217,24546,17908,4426
426497,68635,10477,19406,16903,13248,2742,1275
75655,138091,6034,37936,7752,5187,2773,1066
1062681,484398,39570,151452,22086,9539,22211,5254
338553,449675,57903,35295,18922,66190,12069,4799
2902306,777980,96117,231504,209958,202142,56654,22794
1559339,326807,26689,108100,24198,27087,14370,3698
659831,951730,91248,77414,104353,28598,19417,10423
1026161,480642,22371,15366,62913,50396,72310,4168
1022540,18159,32785,9335,10301,8880,14804,2710
886061,48839,4603,20281,47450,6167,21709,2575
2114140,364519,71741,102173,190540,45659,70399,7430
2835828,100081,83120,136791,110096,59189,91947,3976
2048465,240010,146707,169052,78161,30325,79291,6788
692688,15617,1090,12005,11560,35177,3326,1877
171816,29423,797,2032,6671,5781,1577,578
85160,13053,15457,19068,20741,39960,3593,1810
583152,214774,124384,63670,27661,60544,86822,2360
610633,125419,45714,125065,114477,64834,45520,5767
739032,57185,22316,30660,16217,12245,22336,997
1487249,166594,28695,9101,76668,24849,144751,8963
779879,253180,74547,70033,70027,51958,23871,7299
1421834,506511,77483,117277,54735,44646,123585,6524
2190453,360431,20355,45323,134062,35326,143263,7170
1097478,82620,25194,20126,8391,18532,22010,3869
988205,63898,39715,19701,33152,9850,5214,1462
1189777,86585,28289,5891,22927,6174,5302,1465
332501,133341,21601,38566,24614,13513,8599,3503
2588120,10386,50562,89654,159737,40492,70113,3869
750029,132845,9167,45648,9073,18320,5360,919
3063289,476181,184548,55743,41707,43531,52139,4854
727404,82431,32675,56326,36009,37699,125409,5036
83546,138928,6401,13232,18054,17857,36008,3141
962075,30909,49536,8259,10606,18039,26987,3195
747049,318570,102015,95650,43296,80820,62785,48216
1205876,27886,60506,47867,41598,48285,7037,8666
1192393,180547,29502,60236,34343,82631,12744,7172
215756,13513,9530,20556,22150,4620,2242,606
2840558,138704,24472,19277,16322,14182,11871,3076
75467,12133,5240,9201,6051,2877,2255,490
738292,29180,13265,9444,17455,27137,10968,2333
1612175,164513,46325,185505,35988,70497,55272,6027
438122,3271,1707,2545,6323,13717,2712,447
1985590,371531,57227,88492,94565,85766,98663,12912
2029769,118019,46720,96137,104653,114838,12594,10378
74903,9150,2885,3723,1509,1262,463,277
364155,111724,29501,3610,10336,9713,1059,416
257776,17066,3261,1810,1070,1045,798,188
715237,19201,2995,4965,3194,1260,4097,499
1931350,185548,25509,45483,62510,33942,58613,5092
415047,55364,13077,11250,11124,5681,13297,2867
1243994,31339,8011,9918,25561,14108,20665,2126
1568512,92741,26372,47046,45657,13863,11660,2429
580686,26327,4016,15988,6489,10663,23170,1556
1094812,174931,4239,7933,11266,15850,11022,836
2221910,72735,5506,20115,9353,14968,10810,2458
548856,168913,20179,45887,48880,8357,6937,3756
342582,6840,2076,1244,6266,3998,2119,418
955423,41332,16682,15058,17713,17875,8974,1900
1055734,42551,114594,86107,118884,90122,44730,8234
228720,35925,523,6168,5621,4513,3597,370
1395492,32200,36191,10282,24035,16848,32048,1478
136958,99909,26849,52545,14649,10650,3650,1075
850956,62323,27073,29135,20138,5510,5589,2168
1373663,31501,7788,8846,45155,25259,16002,1059
1020492,59163,8428,7502,44959,6532,9311,1869
400699,17031,3857,2117,9965,2151,2448,494
560460,118024,12024,29377,9937,13346,13005,1727
485761,21764,7715,1719,6729,1822,2296,519
226123,234808,36062,11026,9537,14565,8418,3163
51583,123378,49086,31671,24606,9609,3668,1331
279504,71474,51962,22539,23353,17552,14058,3057
1378682,150052,51695,131505,42280,62625,67020,9374
737645,124456,12007,25121,18186,17342,17084,1573
1282900,274938,100495,129325,149258,46659,107423,6853
123487,6609,2247,1275,7225,2709,2066,280
582329,31379,11706,102017,48503,84397,85502,16395
2050154,99619,13139,29917,22486,13932,23932,1544
799323,56273,9177,18745,11115,17325,27314,1582
1380808,40332,9320,8501,34054,18539,16136,1485
1280401,355115,134690,46801,52040,66591,40600,4816
735188,154358,22043,20066,21647,9112,17315,1372
949202,31358,16355,16316,43351,27097,16668,2146
675554,152485,17980,197420,64391,76981,61784,6248
252412,149875,14550,15425,28384,9923,27962,3781
2072129,305011,48826,61909,70600,42552,116332,6984
332815,220409,42528,145542,92352,49159,32331,9218
2905834,43318,69265,29408,60444,87518,99760,4937
300386,460396,196820,40969,53067,47370,40648,11051
1536992,256293,231063,90091,66690,42162,23686,16631
417742,63349,11956,9965,17769,5957,3731,855
108846,14140,1106,3731,3194,2886,1397,198
1037835,698173,15075,40311,64001,38199,24640,7083
292825,365291,80888,121968,65982,26241,77257,8022
963085,73546,23694,23853,10000,9785,11149,991
509095,62221,40897,11050,28885,9831,5550,674
401170,51360,27484,19979,22145,9757,9620,694
734235,30227,2404,4022,4325,3242,958,346
149809,33116,4790,9984,2396,2400,2266,615
1613885,79669,14483,11611,12693,13398,23958,1367
2236450,466416,188266,71207,86005,34139,117807,6665
742370,96194,23802,14933,5014,14430,12344,846
1719420,118405,26588,40176,20112,45044,68084,5025
1128937,349686,12805,46544,60329,57325,30723,3653
791440,297866,102428,14814,149670,52770,39111,11996
1680240,350340,31804,121033,39662,54152,47147,4507
588364,35153,1088,17215,29428,4886,14842,2487
1561311,57410,16908,9225,43500,13966,6189,1932
218202,25536,1392,2201,3929,1652,7894,922
624489,14517,9656,37363,10636,10839,20676,1660
525586,397717,59559,189470,11769,52075,44328,1972
766575,715680,38894,87811,66581,104212,16514,20901
587411,22698,1186,17363,16394,7842,23114,1968
748918,170313,10749,26338,25142,7783,10232,2037
2061582,241206,91869,48786,13227,159184,18877,4348
2241135,40652,6269,5972,22974,45311,4090,1009
1523633,128185,113609,61844,75748,34249,59851,8009
70352,65751,45320,13872,10821,19910,6503,1326
638190,28924,8495,14165,26670,25324,10252,2349
1059025,202369,27940,14371,21279,9510,6457,2224
181856,4247,3293,5357,3920,4051,5730,251
208072,7725,2845,2264,2597,7087,1867,399
451228,57250,9712,30288,9654,15236,10187,2346
1252523,67752,9181,7893,51434,12358,4026,1020
878537,288540,71402,46568,19904,62226,36916,7345
1264344,68108,58904,123121,54298,51435,68692,8698
767622,92017,8648,19739,13044,12311,14616,2388
1838934,82261,15507,4200,22720,8840,11462,2314
1335044,24675,20938,20518,37671,7123,9436,1212
1565141,90184,79682,175155,97677,40110,30610,7017
133397,43656,6013,6860,7167,2146,2289,556
432066,45496,18064,38828,16220,10276,11679,2298
836491,60638,19362,26266,14903,8291,7152,1546
1105513,211697,47674,53954,34166,47813,113720,4590
1221939,130815,23055,72340,33802,54930,26020,7692
696690,35798,13251,4149,9890,11603,13293,1425
780424,18817,54230,12961,8545,7255,6251,1586
1407591,84284,65052,63684,86649,39432,44622,7229
429265,376407,77520,148444,95345,35969,57335,6271
825533,84823,10210,9337,13086,10344,13379,1955
2672861,221270,36066,89698,55189,54261,48238,8783
290877,286396,4208,83617,36437,47304,35112,9588
1239510,96390,13199,45934,45577,26429,78092,3960
905548,331336,21304,83993,66795,30447,43593,6250
656362,60578,30452,15350,17850,8239,4158,772
521058,124687,25736,28507,16138,22469,5469,1849
70828,4498,1052,1366,3680,1109,8006,542
605023,7924,245,3017,4807,3299,3327,147
497236,19649,2005,14429,18243,6311,13995,1548
959313,67729,9379,5597,13468,7912,18450,1416
654555,35782,24219,22925,5439,7571,14283,2001
452916,67415,16075,3028,6901,12907,18604,1870
455903,81925,5947,9215,8711,14548,4712,1918
1383199,14377,3549,18423,8272,18832,8145,4572
932153,106528,110408,113106,58991,24655,30725,9788
1264333,279442,132422,67011,36188,34388,46180,7735
1265356,121482,176096,21363,48169,67552,54102,7321
147401,11848,775,988,4503,2522,6700,747
439874,32919,19264,34487,14468,11863,10873,1185
375189,33781,14497,11786,7950,7517,17896,3416
115384,7631,2271,4802,2634,7385,5215,416
649324,77411,73793,4901,18709,8983,10337,2178
607505,83671,8558,5274,29981,9937,17015,1958
461114,52965,15904,18654,22516,13315,10634,815
766755,692641,5172,177085,104212,78211,26755,4598
1614119,207837,39858,16416,29774,36897,32409,4243
511936,34922,31659,10721,17308,14238,13346,3748
909008,72207,4121,36970,14265,11170,7775,2154
1331280,28666,16198,10530,20984,8634,6535,1388
587282,27316,7084,6932,10770,17772,6689,1474
951579,80690,25829,3671,7815,23236,4842,1408
1711569,355062,76687,49898,45948,26418,36122,3373
68636,33866,8703,2882,6186,2454,1626,528
891922,63582,20262,11441,24155,11038,8314,2352
1273905,159714,43787,205213,11121,37705,53184,10049
338314,16719,2391,7184,5416,2674,729,512
344917,63203,38686,22324,40150,9684,6099,1568
1743067,398316,176178,187413,31284,44645,17363,4818
318464,33725,43914,12589,9310,8715,10828,3610
1298161,420971,63423,65244,56537,42454,42165,4379
923739,124748,28780,15471,14704,14720,7651,1991
1363332,32565,34474,3849,26827,27793,9295,3271
838911,135880,30606,4161,12399,10049,6097,1361
772097,111038,5460,16829,49635,7647,6058,1962
68718,13617,3262,7667,4984,5081,2718,271
816999,15669,10174,21356,20586,23929,6515,1847
1520363,36168,38341,15976,10638,6973,5679,744
1158915,955955,90662,94910,114435,31549,48543,8631
1051486,112432,6620,13120,18934,9431,28689,1007
1807218,256438,91151,153336,50943,33858,108888,6231
2871136,244703,73239,170298,131175,53578,31950,16003
555465,40967,6368,30133,7461,8506,23194,2034
194255,27443,6547,1814,5256,3904,2976,379
1291619,207118,72550,132104,183566,35769,31148,4358
302881,113443,21193,10519,34985,12524,17800,805
1391947,352748,88140,166114,102187,21990,34286,4197
1373377,96255,2571,55940,4648,11062,5961,1711
2490949,656473,47167,33885,99421,30341,58418,4000
466628,120512,11121,67472,20691,19228,5740,620
922281,77524,135726,117327,45826,46056,26377,7511
967655,160046,15237,9135,23243,7998,8966,1784
2313275,310255,25169,91887,81380,33003,24643,9860
509645,292177,70180,139198,73449,39733,21608,11839
2693286,513377,33585,107339,17069,21449,84290,4311
705062,89750,10712,5431,18923,6767,3066,2331
2141862,43753,9598,27199,20078,8669,6690,2211
921433,590037,43769,94780,98130,46398,49723,4545
680788,43839,5090,19468,23943,13648,3562,2088
483802,129302,44983,19303,19273,9668,8321,3188
1612472,22768,12636,9054,20979,12937,12814,1936
1519161,130374,51116,2914,19671,7890,14807,1249
435881,69911,31306,46288,18843,5671,4364,2274
899122,55751,93582,55448,45286,43563,31739,5282
179188,9956,1044,4330,2774,4690,1786,346
1919793,162894,27673,67727,52988,37030,62126,12065
830968,201824,66501,12195,86412,48930,32029,6126
1335950,192558,10900,11061,52716,9517,2819,1707
2892984,325659,7135,201791,90449,17254,15684,11247
142861,6313,2997,4953,3169,2352,1349,215
642749,56358,12197,15158,15210,9331,6987,1779
360256,47875,32516,9309,21034,14224,20382,983
1216363,50150,50182,3926,21466,10821,9808,1161
985530,395655,134081,92724,56157,54743,31547,5933
281773,906163,159500,90101,43317,42605,34158,6927
804017,268571,17357,26391,18922,16784,7671,1557
1077216,139910,69646,34876,112544,116243,62629,9895
1290527,333942,6087,84481,110054,52493,39895,7313
1238803,37188,10763,27978,18578,14605,3011,2093
1274234,64440,19705,12298,14289,15875,6450,2802
646835,59930,21822,28660,3310,8517,4711,1794
983527,241316,209034,9983,102874,35593,26873,9249
588076,61170,32302,26891,13883,15422,10588,2488
1110321,46300,17642,45916,61251,47244,27652,4906
829386,675710,48831,148508,77598,42974,51238,13334
769483,362247,114409,27123,115097,32160,32793,8167
1927796,320667,23162,123278,67558,33667,51840,4519
3057850,417167,145658,57951,64221,35223,22800,4477
754632,207637,79115,96348,50542,29295,38918,6353
1077369,810639,30466,207198,66471,34942,19407,14238
626855,56327,7958,17216,9745,9196,3897,1582
640116,39435,16017,10443,16714,16223,18533,1168
740980,212150,168776,82152,34873,34053,38368,9033
897861,54225,18984,5692,6992,7164,12258,987
1931987,190491,256020,80800,72117,75714,19070,8701
1305681,38423,12123,13161,80257,4681,16049,2381
585810,45935,50361,27153,8433,12621,5253,2897
846835,171521,30099,10476,9981,11307,6049,2663
1986705,662774,88796,61565,35431,86239,15184,6505
360400,97390,22914,9776,36359,8838,5767,1220
1109697,254512,2489,60158,157849,48274,25670,5933
774941,170292,51347,73472,51166,40934,39810,5939
1146079,237225,210508,57691,39481,47169,14132,4779
871897,49985,16821,9814,12338,7516,12841,1852
232746,145269,9746,24867,13817,15544,6686,1899
875437,7483,6204,16085,20075,6563,20898,1324
2048530,218695,328933,6859,98550,45671,21935,7892
345459,69570,74059,3738,10173,6373,13024,2545
2988105,339030,30192,78998,130330,42155,51987,6278
1743518,411666,78366,119607,47697,71423,18428,2461
1633917,104434,66914,28725,16104,17415,6111,2060
517776,63600,82120,25193,17842,25493,5072,2183
471510,49133,3274,17589,14747,23837,5031,2125
875805,318651,122142,26440,39447,86636,39581,4672
216741,503242,39900,186412,62784,30948,32378,6440
940270,185438,11260,194333,76701,27698,60411,8287
579348,215866,125919,83902,23206,43083,30923,7156
907417,79882,33494,21493,21207,13015,7367,2954
3204612,386068,194744,44357,70627,50457,13369,4640
182989,10567,1277,9180,7948,2174,2064,326
891884,458104,71802,102320,51410,68009,49765,6840
1318567,82690,34758,14253,25603,26276,10304,4085
1652832,200444,52804,110803,45560,37576,36991,9939
529246,163142,51304,21594,12750,7637,6592,1727
1377671,157536,41236,51750,203694,25142,32966,14703
1148178,250033,62938,76345,34780,32249,36015,7870
671687,79096,9673,39763,8340,11974,6507,2236
866323,216846,105811,125746,103227,35603,23197,7978
1322783,205879,63096,78081,116777,32660,57874,4195
834927,577467,70331,189140,40612,23553,30858,4446
1031314,36222,37172,11963,14969,10499,7831,2453
886082,13811,10575,51200,10617,12473,14703,2290
2966629,423037,80641,47549,79263,45854,46290,5279
1448188,177823,77091,48119,23979,46908,26543,4466
1153418,426837,3999,125328,36788,40165,23624,7323
402322,948285,97043,91537,64013,29115,20531,8798
1398924,46037,15302,4893,13707,9302,10560,1402
1270206,324720,51134,68969,98708,39039,30259,10746
1974646,239383,35760,44965,74959,45084,28521,8293
742425,818070,138428,35762,37307,35522,59875,2334
1747692,315352,242342,103424,114219,34588,53376,7237
2142892,325728,31907,68874,56342,36799,30861,10633
924191,251214,131443,51754,70217,36802,22151,7865
722059,103955,18039,12052,18166,17775,7286,864
779193,373720,134562,54440,87294,36663,18051,7917
631034,232466,29948,111005,40299,36343,35023,5464
579852,69973,46635,6939,11983,7269,9585,1961
1635421,455945,84732,214332,71075,58911,13439,4088
228734,15725,2652,5957,9300,2474,1132,467
1142500,358269,104230,83285,33058,59020,25074,7114
626746,89481,5636,4971,14744,20167,4077,1840
628893,57665,21749,15788,14407,12209,9263,2330
324610,79189,14460,16147,9339,14536,8815,879
347013,229159,40582,9777,10602,12756,10399,2285
341898,47745,11958,21015,9595,5852,7076,1470
296757,45769,48700,7684,13450,6036,8970,1171
314710,69249,23130,19196,16156,15856,15940,1722
1133378,92505,29340,20288,29925,17147,5881,1680
1468232,306351,89177,77824,37560,32493,25500,4185
317465,55656,23582,15107,14830,7478,4650,2097
1320505,176489,30210,30078,61542,49863,20948,3709
102957,97174,7511,53789,24037,12810,1701,974
965848,120385,18887,78883,46200,32589,24002,3738
902643,198179,153124,123398,32092,56349,15144,13051
1054006,96105,62996,127218,62625,19652,29100,10182
479805,70006,4250,31656,9983,6079,7540,1921
384293,149005,5299,6304,16051,10189,12073,1899
1466766,213885,44000,74207,27755,26116,20239,9075
1669327,260815,45761,67334,69685,38732,37374,1712
1113598,144981,191055,73399,28582,45287,23568,2725
152870,92993,20908,30266,13474,8806,8037,4271
1572297,116210,166766,82476,115711,54916,32497,11762
216333,62436,59990,32398,14688,12865,11028,2832
948294,227245,5829,16094,44789,19670,9973,1555
589581,65484,61767,19637,12068,11029,3824,1101
570291,56365,7244,20295,7637,10591,4678,1588
957016,154485,26512,59630,10603,11011,3874,1057
409136,25093,5128,14205,12541,8733,12266,2113
1577265,165884,59695,43263,79653,82335,45019,5385
910175,96139,11578,30995,11067,8364,3814,3445
2153964,74010,35310,11179,9933,14056,6760,1384
2475764,241268,16191,82509,26871,19673,19071,4731
236710,90576,6916,32071,13462,13619,10774,1381
498038,82932,2270,5918,41335,7940,4557,2135
411234,589531,64692,71567,47313,42918,27033,7184
1466117,394951,123028,70353,28136,27359,24276,6874
682014,178943,34192,121456,136581,67078,25436,7102
2115295,322273,112010,17972,44365,48174,55731,6099
1217957,250771,46083,23813,35225,30920,46525,8816
745683,276183,58277,69072,34477,19708,8818,6971
2332141,180852,86315,24075,32512,22635,4103,4145
249363,588566,269239,121673,123468,46003,31295,33508
829678,35662,7514,5761,16548,5260,2714,1836
697063,143919,3348,14404,28245,16851,36300,5585
1427971,224299,12070,15179,32048,55439,17905,1769
1173413,477282,79022,36805,29643,40149,57133,12781
672423,232154,22545,18889,17304,16480,5218,1537
256928,86664,24883,3886,16262,14641,2926,2657
1619959,622396,548715,158985,73976,22800,30771,14082
2361331,372126,91479,103403,53338,36278,20284,7149
2092812,271771,75154,29008,33711,75915,61711,5055
1578328,179778,97319,61385,51467,110082,16657,9710
234322,66688,18189,6018,8418,15356,6065,1998
329782,42532,32839,22704,26959,9875,7412,1071
202334,11693,2725,7086,3379,5824,1301,594
136293,115147,17433,36749,8522,8987,5222,1660
578943,26730,25595,13605,17677,8344,3755,783
1607042,461810,29009,45760,30467,48236,19145,2382
584269,44193,1874,20624,11738,5409,7847,1209
1240249,45044,19157,17924,20392,10203,4944,2486
1032798,136091,80442,53004,48665,51856,14896,8654
541425,544656,116989,71026,85442,35715,33757,10405
576590,255980,4068,50381,21832,11618,12743,2488
660042,45258,22930,51122,50296,10164,3929,1265
239532,19975,6069,3745,5830,4221,1928,522
199714,87774,23486,24518,28886,9567,8042,1417
1573804,162277,68414,201053,57342,55456,30398,6006
1748237,1045166,65437,406586,238561,190623,120159,77126
702470,82181,5938,11974,10899,7405,4667,2873
2835722,117403,86653,131042,29881,25253,6061,12408
422880,305454,104538,51289,46050,32011,5576,9188
839170,399077,71898,67407,47730,15055,12541,2149
1022539,35257,35680,32378,6493,13849,13166,2406
663016,51971,12763,17561,12267,7074,16546,18293
671152,66091,9149,10933,14125,5831,1332,2253
233796,177458,18651,7437,4220,2191,3108,3524
1396352,82894,15013,27372,14762,23860,31999,9677
281514,63279,21684,6408,2090,3323,1800,3770
1078065,91432,52836,25521,24016,14082,18434,18900
1985486,614266,22216,13397,10524,23553,12259,9956
1778943,44717,122311,25465,46801,22565,11735,16087
663360,55301,30337,36812,18649,21134,18060,7638
1570273,173267,60293,12023,3995,6203,1626,6302
476606,50486,6354,4829,4224,15036,6791,3441
771183,30135,27872,19939,3958,3356,4697,1813
1837775,37823,64328,20805,10132,33843,18201,22985
128786,165653,21449,15161,6136,5882,7127,2346
75360,17715,2828,1760,1224,1949,606,1224
906221,53305,11974,10239,7322,7019,6702,1253
1699122,232672,74120,45620,10833,22501,15658,12789
796613,109677,57462,61271,12850,14639,6732,9038
1036363,36699,17206,7243,873,4329,2366,3027
1373158,273432,8068,26992,10282,26670,10605,4233
182513,71895,4151,2549,4566,1786,4991,1453
27497,154245,4895,2019,4790,7077,3184,2194
644706,10003,7062,3817,759,1683,1179,421
63574,7909,11730,3157,2293,2730,900,402
502306,111141,71449,19943,5416,8332,5844,4491
975761,21247,7385,36007,15470,23197,8733,7538
989187,96760,15607,27280,14646,17627,11719,8208
941826,42614,3971,11304,12913,9202,1098,3412
1444828,93648,58924,9021,25535,7305,7671,2525
742709,25541,13293,3998,4697,1468,749,558
1169078,223419,44368,36411,62213,18271,8768,8146
569688,71711,11176,100485,61414,26544,10075,6935
211144,41413,8507,3163,2091,4294,1566,2188
1422493,337719,76165,89508,25368,8533,4239,13263
2366903,540327,23242,128902,48220,21121,9457,25017
1896367,1917088,506841,254794,75808,183508,213628,120982
419846,149492,9163,11507,19508,7635,3670,1739
1565013,33450,36785,34269,16518,8502,4834,1026
575382,293701,20015,81025,112216,75675,33732,18669
1130095,273972,15536,33487,18470,13389,5151,2530
1391605,161005,49653,51284,26349,8022,7357,3361
362256,207009,34984,3794,51588,8942,7149,3884
280467,731098,60793,38050,26595,8809,4057,4084
1483197,399810,236075,53055,112878,15142,15886,14114
521199,40679,15242,22936,4701,3135,983,585
126517,50909,34829,8246,6717,3618,783,955
337411,179843,60133,17594,11982,27890,6003,3204
1678188,1841218,324535,223504,46837,69851,32879,13972
61901,62889,11844,11649,3406,3242,1640,376
842898,455357,59431,38958,46803,9059,13379,4898
798453,110342,39130,28599,17334,13721,4204,1217
798859,189410,209126,23358,47238,6531,9157,2762
234404,545514,84398,22656,24367,7560,4842,2083
727732,149729,56913,17523,21408,33171,6256,2043
45485,96165,13082,3028,12619,2283,1488,560
192419,35011,7057,4132,2547,3033,759,461
620996,220080,104967,44869,10438,13109,8311,2703
785501,318455,52283,49984,21774,7174,15306,3930
40326,13186,22925,5363,4265,4708,1003,1220
551608,246167,24528,29374,26203,12414,3100,2369
704016,209835,16492,41965,32716,20904,10342,3610
621609,319097,51914,26780,39698,8598,6894,1685
582300,334574,36461,32840,68921,8295,7206,3067
348183,1636175,8006,87099,90044,38831,18643,21422
1120946,96544,5265,19592,56225,13302,3195,2845
3462697,1696959,26619,293394,51003,63963,15462,15326
324407,136672,46670,34267,4286,17183,6222,2025
963007,147974,19387,27891,17036,4032,2725,3279
573182,741111,14089,44106,46386,10630,5579,2206
638464,75618,130141,5837,25200,8438,7311,3007
1519054,117246,18731,32219,23668,15260,6147,2818
468554,215574,15439,19343,22053,8374,3704,1593
424330,39415,9915,3777,1495,2782,987,495
790391,108883,18838,30198,6010,15284,2287,2592
828963,144170,22182,65699,21850,22444,3193,2408
119881,184625,181433,43623,23691,18634,4967,1742
620755,9756,6981,3663,4482,2172,977,450
2452788,1374505,188484,136232,16397,48918,13330,10611
1623942,493967,167009,173486,33784,67655,13601,6165
197594,50473,15220,2124,4307,2319,909,677
461698,202342,40835,21993,35386,9499,5149,3199
865265,540891,195456,198644,68708,34286,9355,7228
882058,110630,96264,62855,22632,8357,1895,1643
640691,258243,7568,13007,11255,8640,4506,1471
218943,61777,6118,17009,6265,3167,1632,510
592296,266592,81487,25047,8108,9941,4365,1749
2121476,1173260,296089,50490,93802,28569,19018,10532
940747,180034,45171,24213,14876,13960,4328,4398
1857958,416157,16501,39723,28733,10940,4179,3710
2563569,488653,69478,231416,91956,54692,26939,12680
1899943,636455,84308,198536,94498,56709,16473,11032
255827,143679,74228,11837,24618,13044,5440,2783
834585,82819,44878,26065,21342,4573,4365,1588
521612,790299,283167,111724,57660,31103,15981,6223
1150469,1679000,208056,81344,43778,62234,30081,8527
177553,22226,7831,7150,5000,3036,1568,411
1261630,154204,41642,10083,28287,17515,3067,2742
1924170,561364,137194,69474,91605,61342,34470,7806
221238,169086,26573,21679,21681,29072,10792,1849
714708,114554,53093,28911,11491,9836,5203,2269
1415740,772399,122102,218880,51376,31161,35812,6325
523469,185893,32523,14735,23730,13809,5074,1619
435755,141832,2900,14270,30496,14335,2848,4412
1078312,139984,27852,10946,18041,12975,6741,1900
236156,1337726,137336,80089,59188,45233,29095,11676
825113,148080,20871,20936,11683,13644,6239,1471
1522756,109820,19561,29872,20873,15467,7867,999
1245327,184869,49842,14024,26497,14946,7044,1209
1445450,1006392,411680,25952,79953,65188,10814,6390
177104,78201,14027,5658,6171,3386,1220,493
873258,194447,67234,33626,16385,8506,4398,1092
445514,229418,85499,15439,66370,6425,3957,1947
1478209,152239,34479,49762,25628,17065,2567,1575
1792449,1439502,100041,114965,123377,40385,15323,6451
986147,176140,64071,25167,29484,6615,2363,3437
816849,41551,18236,3784,9756,3868,1140,828
1228143,220431,58612,27908,9417,12300,2778,4278
1071263,297885,52453,43788,7206,13081,5895,2246
514553,160524,73969,15475,12327,13715,1415,3503
991187,226026,115088,3748,22115,15192,5225,1617
2079075,136709,36569,49274,30519,12943,3282,3186
2338775,261137,276568,96857,110772,60792,37688,10705
1100049,205881,30248,22022,12831,14106,8507,1087
889729,1541232,483301,76584,48887,49069,38198,6720
2533401,692526,67977,149541,82168,34126,15354,21611
1029722,1467203,290251,128159,91615,34908,8910,8129
960222,314346,31183,29541,17929,11152,3543,2406
1771019,852809,204539,38742,44470,21518,16303,16575
1696394,213629,43015,13721,9014,18297,8691,3630
987174,387014,24067,9642,16335,14405,4528,1673
213215,59252,2517,10711,3257,4481,2102,294
302065,172591,29845,26287,18034,8035,4472,1861
2146385,468148,195827,176507,54954,37350,18302,7943
770266,202309,15210,18725,12132,10016,3084,1621
766282,277913,64290,26426,11685,8434,2577,2425
990542,1568726,289636,186774,37874,40238,20500,13864
56623,702956,63905,42601,11312,18763,5006,2081
655377,176089,24215,25886,26089,7687,4030,1413
228947,184568,31412,29435,31378,15921,3641,1400
72570,19261,14009,11323,1740,6355,1744,576
1234346,167906,31178,14500,19565,16336,5683,3116
349449,239152,40103,22659,22894,8565,2954,1651
2109171,1047836,513026,127203,96532,53775,13869,6503
381259,160532,29888,19875,19488,10706,1989,1725
1235869,398908,209639,89506,62768,70650,18303,5323
229463,186291,19891,32064,18275,10685,9124,4155
550659,423691,41792,23398,47538,18834,4768,3128
1708346,669909,331429,80342,88641,56249,16010,15995
355403,136317,72732,25480,14366,10489,3310,1492
562477,1031434,486100,149330,83072,52699,16941,6303
1233852,389682,119310,36317,14784,8507,3810,2224
255254,66225,22230,12953,4902,3123,1061,944
42011,91231,10855,15818,6659,2967,1630,336
548197,452699,74654,31957,19947,6883,4922,4729
807907,45288,39241,13438,16253,5311,3861,1480
1507182,93009,21747,41148,19706,9850,3808,2922
2346343,2399706,142753,136395,36567,104810,20625,11240
1395448,2035742,247423,92014,50269,30841,18132,12840
1005041,330746,30892,35258,20094,7252,1738,2389
237954,70490,12592,2050,6321,6440,1215,1057
280496,65867,840,2528,7088,2697,835,1361
346384,378775,6700,38047,10759,8980,5466,4305
1253642,273452,96545,9833,34575,20085,5350,1187
1667344,177101,63787,34169,8033,3958,3895,2136
1088637,113850,32893,39997,35712,6000,6277,6755
1494081,199971,152617,38325,13547,15591,3419,2643
1429252,88412,35766,52998,20539,18580,5221,2670
496194,395688,25053,36937,18684,8510,4028,1232
248069,75250,5519,4503,4730,1523,803,612
1290045,835536,230908,71173,10009,53323,18398,7711
1914959,1179924,447255,74254,83256,60066,39131,4731
36608,55616,37735,10311,8647,2412,3482,417
884341,91159,31781,48584,52222,12837,4537,1998
1677020,1408526,150901,172583,61586,93409,8182,12280
1379167,1761353,5604,358522,72595,117105,17534,14139
1855287,1768130,363461,58094,64780,21934,12046,9978
755281,175175,38008,21348,35632,9917,4718,2102
1237565,89585,45420,35396,33613,8178,13670,1723
188564,14498,16092,7836,4788,3600,602,729
226272,233467,32919,22777,12951,10635,6945,3496
1113512,112097,105784,48891,16756,9274,3410,1944
2540349,440854,102026,50941,108220,18786,19860,5377
151218,62829,17029,2654,5223,1178,406,655
1677535,64516,20402,16729,26000,11715,5062,3229
1147837,128052,48178,51133,6637,17455,2941,5651
488602,212010,145698,21329,17905,7485,3545,1762
993489,68359,14965,47143,32474,5227,5858,3248
169330,23789,6884,7363,4889,2713,383,628
1716523,1095834,74149,50211,27308,33855,20771,11876
1847949,1072845,9407,122283,45756,53703,10482,16015
566591,551838,166556,77270,44638,45425,5089,7983
1082288,220616,21751,45102,14406,8757,3879,2134
170232,220438,190543,9310,9045,23144,7991,3327
964415,240629,21720,31200,21323,5842,3927,3085
1103373,980374,126433,177522,54681,33822,14351,6831
958853,188736,36489,31254,29584,5399,5358,3719
139583,299809,34639,36850,29281,8273,4879,3276
749640,147326,38597,32540,12315,9066,2586,2364
1134544,102200,90194,27576,24786,12132,7694,3990
645936,76890,18237,52791,17925,7616,3893,1342
3248754,121195,68279,48061,32106,6540,6251,3742
727820,130650,32321,27013,11513,11731,4341,2229
1638716,624983,279531,62660,82114,105509,26035,14228
272078,186657,120972,45810,7422,12136,9966,3963
1811399,360540,328306,30695,60877,40247,35396,8207
2277454,143081,202026,107111,73748,39884,26731,23745
1163097,738218,133535,56313,63054,45287,7318,9047
863123,5069,7616,18962,6736,2441,342,451
2380170,585584,185281,134782,66235,56627,17979,5097
985560,82388,37900,38101,12829,11192,3868,4892
963333,185159,132353,42537,7142,10691,4093,5644
565055,176919,15266,23876,16647,13080,3373,2348
354041,197688,13922,71592,21334,15520,9041,2068
107993,45157,13207,8154,6102,2682,1277,1273
1531207,243586,62975,50407,10842,10670,3582,1618
246071,93290,12615,5610,5923,1926,1021,939
1440872,969204,168857,174126,60438,49745,17310,14069
1519191,1202268,153461,38281,133999,125339,17333,49456
2823815,1668480,538081,147488,118707,41602,47208,40688
1058227,190944,44220,41009,36038,23669,7805,4274
854582,147854,22870,22192,16802,10557,6190,2266
538668,219166,52674,49535,22531,5926,2573,2483
1019543,100650,37726,27723,29774,14326,4837,1885
1508904,786871,212814,36475,37019,25670,10084,4146
844938,196058,63264,10542,24473,10478,2926,2675
949581,233695,36391,24389,16070,12638,4072,2455
2546664,641106,304327,109373,90710,30410,16873,12924
708686,334232,31096,14231,18931,8404,2790,2528
41939,71667,17753,6465,3392,3493,709,579
877578,91955,34314,21417,7314,10027,3188,4195
199822,41978,12007,1719,2612,1602,928,316
911328,45085,31103,17358,31268,14946,3372,2173
149710,58043,5829,2485,9850,910,1003,1006
520700,435595,144413,47366,18138,13539,3907,2655
1804002,138455,54730,21929,24726,10842,1695,1150
477728,85858,39244,25036,10953,16964,5645,1942
1012576,80809,46104,27597,10806,5344,2500,1495
85549,25625,9663,6783,4043,4487,729,561
300491,182576,69056,25978,18529,10815,2715,3239
306071,186232,26356,29079,10410,15067,3505,1025
1676676,539470,200906,56057,35002,56611,14294,9357
1672633,193245,11416,35827,68040,122516,101300,16710
560279,102074,27328,21234,15609,15969,25459,1950
59299,140401,2419,36013,6248,51786,2593,1865
172377,57377,9291,26515,4632,42911,5068,3177
596686,367294,24665,120050,27043,213430,7067,4745
38140,137628,2200,41667,5428,60547,1915,1676
140571,70270,7807,42760,2244,65532,890,2365
98184,67778,4084,49364,11266,56664,2853,1534
51054,137595,2874,55461,5721,56405,2660,2201
655381,460038,25726,143120,25287,242622,14101,4365
69505,155857,2151,46816,3920,67590,1876,1615
445094,84755,13605,49646,5220,22455,16790,4626
1072717,54973,7144,165947,32847,272000,11072,10486
933174,10033,435,15350,11601,44920,5821,4222
1554793,124577,1587,109726,24994,202161,15616,5126
862737,10423,10125,25386,13659,39974,8577,4827
569593,118376,34050,85927,18935,32376,27190,2920
231723,6843,2077,1865,4741,7444,6771,4624
196693,138672,2150,51754,6574,43397,2780,2437
267256,70840,14173,41665,3612,54660,1873,1509
503812,104114,8020,51046,2588,34988,4547,3287
1715269,38347,11233,216067,45852,194783,7722,15090
857237,34896,16941,31297,4308,21384,8682,7016
899145,327480,47042,117202,758,203049,9023,4449
221684,79377,1946,46901,5207,59276,782,1977
168815,28485,5301,24562,5434,70814,1595,1527
228368,1916,14310,16561,8492,46826,3582,3108
275535,42810,4426,21273,2534,49497,1762,814
254060,48094,2004,28456,5635,49896,2534,1457
296284,31866,2843,28238,12067,53960,1731,1795
956802,164186,13922,94712,61705,202250,9851,7061
314627,47434,5369,39377,5793,46684,3053,2386
470166,116869,1501,37426,2357,42707,1729,1108
604211,96566,3732,147301,24974,217869,11014,7322
451191,9181,7261,20359,11918,36863,1626,4471
569253,5324,7304,38476,6950,42907,5150,3132
511617,67325,5651,23686,4386,36918,4296,3666
349458,56445,6078,49148,6646,29647,2485,3056
25771,52065,3629,37869,3458,70918,1668,1662
42078,74719,2312,39636,3520,70798,1274,2409
70642,39697,1205,44517,3102,61271,1643,1958
17465,97185,1190,54177,1810,61187,2102,1624
737013,120760,12740,111836,3312,219300,9458,3376
540276,378450,2323,138356,2914,192189,7335,6890
22223,251906,1545,31906,2099,60975,3471,1231
80576,21377,1596,25717,4086,58858,1200,3400
496321,142378,13015,218124,2337,240014,5909,9695
544725,70890,8001,179204,3295,194784,8653,11285
1615738,245081,17295,139007,39207,169065,10090,7980
335626,17949,1851,33458,8220,43318,1120,1560
1878660,334802,39364,193768,32852,156348,5081,8188
196747,13096,3279,34263,6449,45015,1574,2749
627777,12200,6000,26541,3483,41393,1034,1242
2172979,185743,17425,129626,15900,161314,5261,5012
263679,62816,1224,41895,6393,49012,2975,1445
665902,61886,16034,109159,24460,173413,3018,9338
675877,75115,4540,146949,22400,182529,4455,10672
94662,4404,32,8690,2269,8822,535,777
1254902,532003,13412,192259,38182,192912,8962,3888
875503,51616,12524,199400,29954,167540,10410,13053
167614,19859,14962,43906,4235,62804,2454,2627
148452,9194,2704,9567,720,4658,3417,2980
267353,25324,3766,45518,7035,53697,1693,4598
899461,4379,306,19322,9277,35800,3602,4817
699012,8504,867,18686,7283,33348,5090,4084
1629807,221995,5585,118055,24236,200681,9065,7704
532818,95494,16341,44774,9410,28449,32071,1365
547254,64002,3795,41480,7278,38584,5135,3570
1840358,285038,17228,134452,23164,166428,13529,5589
974629,479126,10883,131602,25429,182889,13279,9146
200311,66108,8547,38036,4148,53902,1852,1310
185981,6874,7845,6187,3838,3293,2767,873
185743,10233,6025,5288,2288,7332,1885,927
757129,74313,6748,26068,8701,18495,25428,6400
974065,141475,917,148635,45799,221187,10062,6875
426809,29740,2230,32466,13544,49338,1318,1868
712341,136715,14969,26740,7447,22386,13059,7271
609852,4485,2198,42899,3522,39799,858,2834
437320,6960,2742,52239,4445,42320,976,2935
416765,13014,2946,41718,3579,40862,728,2945
176846,21043,3890,6538,1006,4701,3312,1524
530970,33462,3123,34843,12608,41318,2028,2496
503595,19461,3911,29586,10512,34113,1628,1902
524142,24379,742,39753,12725,35990,3603,1517
982173,250936,485,116227,54801,205131,6757,11421
1071896,238008,2497,148456,27226,241609,6951,11614
986076,139217,4147,137079,35234,211222,4809,7076
777149,12138,10411,23000,10462,18544,7337,8830
1202369,22735,28191,162284,26921,202389,12109,8208
44758,111165,3218,39329,2510,51720,1424,1599
108274,50172,3139,31446,4984,73852,1711,2103
99359,18210,5200,40924,7052,69490,1761,1522
111858,17163,1798,31206,7450,71560,1431,2193
150616,57836,15957,25101,20974,19807,6558,1332
147458,65608,1790,23338,3514,52054,2300,920
272941,32079,2810,36178,6465,59668,2180,1229
18671,33580,433,7631,1219,12207,771,590
126388,111277,5253,43268,2764,59837,3095,2199
1609576,110130,12796,72975,69336,172305,13488,6355
491520,47595,5679,51784,6219,55340,3831,3203
421597,34759,4485,43424,6592,48966,2768,1900
256476,45798,3877,40669,4816,46083,2546,2237
193268,92767,8461,36634,2696,48378,2386,2493
436672,81906,2016,27319,16106,54639,672,1877
430111,56160,7005,22788,9842,41664,2046,2759
445692,91343,1154,13436,18739,45721,1156,1704
333657,9940,3029,32319,8132,37190,1834,2623
477425,15740,5811,19914,5358,37263,4263,3249
405417,17282,3161,28511,10677,56712,1345,1344
114347,14397,140,6861,982,9744,799,374
312266,20329,762,37111,6650,44945,2541,2438
45189,29091,2911,35167,1699,64468,994,2031
21428,49053,2332,38673,4766,72066,2141,1072
357394,89319,28860,186948,20956,265712,3342,10159
101208,25493,7244,40486,2974,74392,913,1775
96539,32512,6969,36737,4204,63247,950,2592
124971,4255,3488,6228,2371,5133,5503,1671
1405291,274881,7923,120142,3093,244980,15136,5859
298692,294456,9559,155865,9953,230893,4619,4095
335078,57289,10197,106032,15933,243078,3918,6320
403445,112876,15367,217357,4824,220351,6400,9376
486701,261425,19687,240514,8373,158192,10118,9211
763798,35407,1355,25006,5729,37101,879,2466
523790,115282,13600,78836,9998,41803,30178,2884
1747868,102890,1632,139178,24596,151207,3626,5025
1128058,147152,23406,218378,6845,158814,9051,10488
103025,39562,5833,46291,3014,54794,953,2309
195325,20717,3224,43532,10387,57616,1027,2881
863801,26126,6135,29058,5763,42700,1364,656
1369620,297229,8338,199263,11084,166955,3374,7862
2214885,247826,17739,164865,16703,189097,6629,6453
596127,10336,3694,12075,14251,32169,6018,4460
676454,98851,12194,125387,46840,183296,3643,9650
984613,253423,27727,173052,27042,194064,4077,8195
486034,62255,19381,48178,11058,35548,3929,7810
376710,21115,3079,29921,10359,31010,1844,2232
143038,11218,958,7922,1524,3387,2127,743
328035,73087,1743,68032,5092,30738,1159,3004
406164,58388,3358,31880,10719,37293,1166,2070
123251,5047,3607,5125,4095,5190,3091,2131
547717,19757,8576,19633,8893,53420,7325,3890
170821,78692,4009,40655,9293,72931,3117,4219
63304,77282,1107,57450,977,60689,2011,2331
2703644,158744,31989,43590,54646,221312,13248,3032
1894141,112085,4863,123669,34715,174203,9856,7893
358924,64037,1437,38253,2693,56189,2668,1493
1583015,252755,55401,36514,33246,14946,20383,1795
1252005,15785,2337,2669,15850,12403,3650,4144
1232179,53068,20416,12744,8543,6413,1261,496
709943,23860,10061,14649,9748,2748,662,863
289667,166975,21714,170321,10085,147521,7631,7394
1900185,115916,18403,99879,12995,230329,7314,7636
597917,6526,1094,48094,3887,40081,1238,2456
1349087,94795,5645,158545,16434,217819,5910,7199
228112,12492,1915,10596,20699,75284,1663,1179
246079,21125,6545,11750,28337,72553,1011,1263
314485,34453,309,10245,21669,69759,1598,2235
147125,18967,2127,36108,6767,55472,1861,1229
108600,23070,3484,31270,4632,57714,612,1217
1504048,150071,7345,79840,30614,183275,7374,2562
190860,21136,4629,21139,1695,45546,1017,907
78655,89951,4087,23878,723,45874,2795,936
155563,94571,1270,33468,2659,53866,2837,2309
1253161,247737,22455,78685,61750,164306,12196,3869
310818,87811,1004,38379,2981,41686,1877,1727
176070,81685,5302,31925,3749,43691,1455,1553
294745,63364,1407,21866,16359,47721,1907,1006
291386,14449,3488,23209,11182,44264,1746,2012
227403,33312,1032,39593,2449,37599,2515,1934
709806,146530,3097,27145,6409,39075,1635,1996
633261,74006,18338,37519,20939,281211,4144,3039
43035,56211,487,30178,4636,65642,1826,1265
357871,121916,30476,155905,17174,231637,5721,6642
35962,129171,4684,29856,450,51937,2393,1508
23610,104996,8241,34306,118,47401,2196,2074
837095,138395,14661,73099,1678,88784,3785,2611
839322,633116,150374,284736,73914,91718,51244,48974
1407338,369659,12161,42980,19393,26338,12924,22147
1507375,36481,18951,8622,51279,6470,52256,2439
24830,5102,900,78,1332,5470,508,291
571471,214042,43027,52068,18138,50400,19523,2577
1091963,90360,31028,11376,27703,13024,10024,4236
2620327,505553,166141,176991,14767,147621,61162,23918
1066588,109995,2904,9275,16039,32464,17390,1713
50913,4731,4030,3686,4262,12418,6504,539
59490,16715,3978,894,29300,83238,3328,1883
109342,14369,2084,1391,35948,87653,2155,4188
36487,3485,60,785,6556,20921,867,641
1636723,353294,82473,68520,42975,331392,28164,6263
1231785,34934,15673,14740,33662,175615,3850,4501
1096212,63173,82799,62852,14660,20234,10281,3377
31,42,32,57,39,19,2,1
1211569,505197,376612,284117,109034,87369,43083,35994
1152026,623685,194468,60582,98846,90405,20987,22153
2483449,94559,71792,108500,34322,32714,23986,56284
688424,196641,99640,171074,23990,43623,19916,6022
613290,46319,21570,31653,25362,28701,3360,1817
1540980,285672,155562,143667,148123,57492,29218,8232
783470,679974,189529,118855,64316,52269,20324,4856
1191316,186836,422150,216196,242126,51640,6528,13696
1560003,90138,10717,19731,6054,2583,988,402
1568092,351015,21360,23653,13775,7866,6312,7131
611690,37941,3653,7842,27495,1373,2919,428
305486,99323,17617,39012,31758,7193,3539,3338
286790,137817,5276,11043,6240,8859,4192,2703
108774,219087,21705,4665,10654,4110,2362,2658
435695,131492,22449,11635,3626,4783,3635,955
13085,28010,30591,10817,3790,3571,1951,1186
106158,80741,16034,3402,5723,6649,5677,2858
874248,22396,20250,12041,13371,6927,2375,729
50392,43542,19898,10407,5591,4092,1926,591
144947,18341,6041,2460,1507,1666,400,300
277818,27086,19692,43530,47933,14896,3911,2310
84596,147746,50843,7078,6573,15987,6670,2114
151917,45664,52653,39759,16423,8442,7406,1392
83083,135845,8165,7506,4704,3802,7310,1438
93951,59504,65708,4373,4672,3767,4307,2760
46749,27609,16749,27607,11888,5420,2666,5181
223554,94172,52192,34819,18351,9038,1668,2227
69733,60838,29860,17950,10081,3858,2781,1811
230241,78588,51955,22745,6471,6023,2850,3665
138901,222731,63355,13493,19744,9146,3208,4591
168087,22179,17854,34289,16446,22384,4386,1788
56365,25559,10448,7783,14287,6551,3706,3071
29485,64592,29631,13531,10902,10254,2335,1617
191168,138382,94913,11718,11310,5626,5960,799
156267,15977,31903,14596,3009,1660,743,553
119116,94460,47958,12616,8657,5882,1979,3828
173328,82759,32315,18158,8873,3709,1091,1659
160074,41243,38848,19015,13553,8768,1732,3203
17901,28215,14814,23956,9112,7581,5662,2894
147576,20985,6341,7305,2439,985,1225,269
108464,26200,21488,24556,10683,8517,5668,1755
166212,81806,1874,14551,6814,9957,2420,2048
65023,30139,7134,5584,3264,3980,1431,809
44321,41920,1714,1123,8233,4635,2090,1135
230342,19570,16077,2516,3963,1425,625,988
1508538,246182,143904,30774,50756,18542,4160,3114
278973,109800,78600,35217,10967,10126,4256,2297
234439,138913,23347,14720,9356,14076,3765,3344
18863,113074,11760,12024,8243,5553,1216,2076
58614,118716,81790,13939,6795,4434,1523,1990
45848,65264,22527,23930,16455,9925,2625,3213
43199,104953,20588,8455,10564,7042,7056,3948
13254,159377,26708,10426,20898,10217,3486,2515
50667,74997,17686,13089,16044,4744,2919,2709
78127,46888,42462,21634,5984,2413,2902,2891
764514,57412,106084,50461,2868,4653,1480,1815
49025,19878,50398,8725,6944,5296,1961,3092
35406,44187,55490,11478,2336,7815,2646,1683
363330,52457,8048,10730,1538,5592,3248,5364
37645,75897,65891,8411,17501,7993,4710,2024
45917,47914,31380,35428,12314,6047,2920,3348
129638,130537,73844,77678,10817,7214,2241,1937
240504,71357,73993,28208,12243,6501,5289,3232
453806,22992,18886,9711,14139,5826,4744,3097
89017,131951,31050,20240,11961,7315,2387,3093
42004,75202,88438,39168,21119,3612,3288,1214
100077,153894,121105,19457,12982,8315,1771,2630
247062,510509,26165,15901,15254,9829,3438,1631
37673,42431,24679,12126,8144,13367,1777,6087
216384,43247,31252,25838,5961,9903,2317,1721
27876,37227,25243,12543,7383,13068,2896,1916
62475,103092,63778,33767,6392,10463,1815,3256
118804,16960,9071,8098,2376,996,1018,427
122748,53211,31621,39417,12481,14857,6812,3796
89514,18389,42323,68493,7881,8551,2525,1172
210853,74727,64651,72162,25737,9660,3858,1431
81988,32262,31464,16024,5569,5035,1721,1929
34391,77722,35081,18716,5755,4715,4851,2331
100983,62441,58488,12834,9290,9564,3219,1752
685972,123225,54816,70531,12102,11196,6511,3532
10909,24211,7506,31949,4932,5234,4964,3550
110118,40965,164526,42280,8436,2876,2592,2088
102159,102866,37992,82921,11263,10543,6099,1793
47428,9436,36138,24073,4322,6015,3011,1127
145958,5425,30684,5777,1498,2700,642,1468
43523,52432,112385,11625,4063,21209,2515,2150
587570,103126,17413,40685,14275,8080,6199,4603
54314,35933,37032,3398,2896,7534,2323,2221
55745,52290,119382,41122,5334,16033,1472,5553
41791,101992,4823,16135,8104,10101,5145,5247
71598,34477,6515,26599,9754,7039,1820,3163
41574,64527,48548,25031,10161,4682,3052,2244
106952,106727,36852,13475,9712,11931,2290,1326
140445,54679,255812,44228,25749,6881,2293,4608
59149,38748,51141,13859,4299,12972,3119,1786
469443,71968,12232,17384,21752,3969,2770,2914
144669,59744,7510,1509,1292,1743,709,314
777334,287508,29884,35018,6381,15161,6449,2301
25651,31414,33085,6128,5063,7265,4752,1665
77702,67756,39511,11455,3547,7571,901,2615
74221,66385,19234,15318,9768,15033,4002,2344
55062,27570,10545,24543,16278,7123,2839,1915
62330,67785,62359,12968,6272,6277,1200,1218
44696,145474,17092,5953,8443,8683,3538,3930
49609,24061,6630,30084,19136,4212,3827,2120
121502,78881,5212,5307,32603,6770,2930,2160
282806,71943,30292,10105,8198,9650,3150,1415
55437,32702,19007,11320,12106,6068,4185,850
375905,25410,12229,3995,4104,4282,988,426
59450,82561,5410,11847,14913,6194,3130,2046
18393,54130,33997,55034,20149,11353,3329,1955
36972,43834,34824,32640,8931,15412,2736,3179
28313,25179,61373,26221,9296,8121,5820,3331
6268,8177,19856,60606,5809,9648,2443,1689
70230,13418,12275,6178,1422,1496,433,613
31486,64221,39868,21116,19630,6484,3105,2094
303430,64446,64349,4644,12597,4344,2719,1146
34717,13177,37293,3315,10225,7180,8944,1588
73426,15964,15397,20619,6920,4286,2051,2488
244862,19395,4309,3026,6914,2404,999,624
85777,13989,7279,2618,2350,1495,792,655
1039963,72322,46097,22400,4708,4461,1297,1659
126103,79300,22348,18376,14372,7562,3481,5343
182241,15226,9080,3204,5082,1120,1453,551
223239,252405,15711,30418,21218,7735,1892,8249
272644,38397,518,3622,1058,1109,2275,2061
141041,8812,11632,2591,3033,1398,755,270
